ilan_id,il,ilce,mahalle,emlak_tipi,fiyat_tl,bina_yasi_raw,bulundugu_kat_raw,isitma_raw,isitma_ana_sinif,mutfak_raw,metrekare_brut,metrekare_net,oda_sayisi,bina_yasi_numeric,bina_yasi_ordinal,bulundugu_kat_no,bulundugu_kat_ordinal,kat_sayisi,isitma_score,banyo_sayisi,mutfak_acik_mi,balkon,asansor,otopark,esyali,fotograf_klasoru,Batı,Doğu,Güney,Kuzey,ADSL,Ahşap Doğrama,Akıllı Ev,Alarm (Hırsız),Alarm (Yangın),Alaturka Tuvalet,Alüminyum Doğrama,Amerikan Kapı,Ankastre Fırın,Barbekü,Beyaz Eşya,Boyalı,Bulaşık Makinesi,Buzdolabı,Çamaşır Kurutma Makinesi,Çamaşır Makinesi,Çamaşır Odası,Çelik Kapı,Duşakabin,Duvar Kağıdı,Ebeveyn Banyosu,Fırın,Fiber İnternet,Giyinme Odası,Gömme Dolap,Görüntülü Diyafon,Hilton Banyo,Intercom Sistemi,Isıcam,Jakuzi,Kartonpiyer,Kiler,Klima,Küvet,Laminat Zemin,Marley,Mobilya,Mutfak (Ankastre),Mutfak (Laminat),Mutfak Doğalgazı,Panjur/Jaluzi,Parke Zemin,PVC Doğrama,Seramik Zemin,Set Üstü Ocak,Spot Aydınlatma,Şofben,Şömine,Teras,Termosifon,Vestiyer,Yüz Tanıma & Parmak İzi,Araç Şarj İstasyonu,24 Saat Güvenlik,Apartman Görevlisi,Buhar Odası,Çocuk Oyun Parkı,Hamam,Hidrofor,Isı Yalıtımı,Jeneratör,Kablo TV,Kamera Sistemi,Köpek Parkı,Kreş,Müstakil Havuzlu,Sauna,Ses Yalıtımı,Siding,Spor Alanı,Su Deposu,Tenis Kortu,Uydu,Yangın Merdiveni,Yüzme Havuzu (Açık),Yüzme Havuzu (Kapalı),Alışveriş Merkezi,Belediye,Cami,Cemevi,Denize Sıfır,Eczane,Eğlence Merkezi,Fuar,Göle Sıfır,Hastane,Havra,İlkokul-Ortaokul,İtfaiye,Kilise,Lise,Market,Park,Plaj,Polis Merkezi,Sağlık Ocağı,Semt Pazarı,Spor Salonu,Şehir Merkezi,Üniversite,Anayol,Avrasya Tüneli,Boğaz Köprüleri,Cadde,Deniz Otobüsü,Dolmuş,E-5,Havaalanı,İskele,Marmaray,Metro,Metrobüs,Minibüs,Otobüs Durağı,Sahil,TEM,Tramvay,Tren İstasyonu,Boğaz,Deniz,Doğa,Göl,Havuz,Nehir,Park & Yeşil Alan,Şehir,Dubleks,En Üst Kat,Ara Kat,Ara Kat Dubleks,Bahçe Dubleksi,Çatı Dubleksi,Forleks,Ters Dubleks,Tripleks,Araç Park Yeri,Engelliye Uygun Asansör,Engelliye Uygun Banyo,Engelliye Uygun Mutfak,Engelliye Uygun Park,Geniş Koridor,Giriş / Rampa,Merdiven,Oda Kapısı,Priz / Elektrik Anahtarı,Tutamak / Korkuluk,Tuvalet,Yüzme Havuzu
1299021670,Çanakkale,Merkez,Esenler Mah.,Satılık,3750000.0,16-20 arası,4,Kombi (Doğalgaz),Kombi Dogalgaz,Kapalı,100.0,85.0,3.0,16.0,2.0,4.0,5.0,4.0,5.0,2.0,0.0,1.0,0.0,0.0,0.0,ilan_1299021670,0,0,0,0,0,0,0,0,0,0,0,0,0,0,0,0,0,0,0,0,0,0,0,0,0,0,0,0,0,0,0,0,0,0,0,0,0,0,0,0,0,0,0,0,0,0,0,0,0,0,0,0,0,0,0,0,0,0,0,0,0,0,0,0,0,0,0,0,0,0,0,0,0,0,0,0,0,0,0,0,0,0,0,0,0,0,0,0,0,0,0,0,0,0,0,0,0,0,0,0,0,0,0,0,0,0,0,0,0,0,0,0,0,0,0,0,0,0,0,0,0,0,0,0,0,0,0,0,0,0,0,1,0,0,0,0,0,0,0,0,0,0,0,0,0,0,0,0,0,0,0,0
1304250948,Çanakkale,Merkez,Barbaros Mah.,Satılık,4800000.0,16-20 arası,4,Kombi (Doğalgaz),Kombi Dogalgaz,Kapalı,95.0,85.0,3.0,16.0,2.0,4.0,5.0,4.0,5.0,1.0,0.0,1.0,0.0,1.0,0.0,ilan_1304250948,0,1,1,0,0,0,0,0,0,0,0,0,0,0,0,0,0,0,0,0,0,0,0,0,0,0,0,0,0,0,0,0,0,0,0,0,0,0,0,0,0,0,0,0,0,0,0,0,0,0,0,0,0,0,0,0,0,0,0,0,0,0,0,0,0,0,0,0,0,0,0,0,0,0,0,0,0,0,0,0,0,0,0,0,0,0,0,0,0,0,0,0,0,0,0,0,0,0,0,0,0,0,0,0,0,0,0,0,0,0,0,0,0,0,0,0,0,0,0,0,0,0,0,0,0,0,0,0,0,0,0,0,0,0,0,0,0,0,0,0,0,0,0,0,0,0,0,0,0,0,0,0
1304101211,Çanakkale,Merkez,Cevat Paşa Mh.,Satılık,3500000.0,21-25 arası,3,Kombi (Doğalgaz),Kombi Dogalgaz,Kapalı,105.0,75.0,3.0,21.0,2.0,3.0,5.0,3.0,5.0,1.0,0.0,1.0,0.0,0.0,0.0,ilan_1304101211,1,0,0,1,0,0,0,0,0,0,0,0,0,0,0,0,0,0,0,0,0,1,1,0,0,0,0,0,0,0,0,0,0,0,0,0,0,0,0,0,0,0,0,1,0,0,0,1,0,0,0,0,0,0,0,0,0,0,0,0,0,0,0,0,0,0,0,0,0,0,0,0,0,0,0,0,0,0,0,0,1,0,1,0,0,1,1,0,0,1,0,1,0,0,1,1,1,0,0,1,0,1,1,1,0,0,0,1,0,0,0,0,1,0,0,0,0,1,1,0,0,0,0,0,0,0,0,0,0,1,0,1,0,0,0,0,0,0,0,0,0,0,0,0,0,0,0,0,0,0,0,0
1296661960,Çanakkale,Merkez,Karacaören Köyü,Satılık,3250000.0,0 (Yapım Aşamasında),9,Merkezi (Pay Ölçer),Merkezi,Açık (Amerikan),50.0,45.0,2.0,0.0,0.0,9.0,4.0,9.0,5.0,1.0,1.0,1.0,1.0,1.0,0.0,ilan_1296661960,0,0,0,0,0,0,0,0,0,0,0,0,0,0,0,0,0,0,0,0,0,0,0,0,0,0,0,0,0,0,0,0,0,0,0,0,0,0,0,0,0,0,0,0,0,0,0,0,0,0,0,0,0,0,0,0,0,0,0,0,0,0,0,0,0,0,0,0,0,0,0,0,0,0,0,0,0,0,0,0,0,0,0,0,0,0,0,0,0,0,0,0,0,0,0,0,0,0,0,0,0,0,0,0,0,0,0,0,0,0,0,0,0,0,0,0,0,0,0,0,0,0,0,1,0,0,0,0,0,0,0,0,0,0,0,0,0,0,0,0,0,0,0,0,0,0,0,0,0,0,0,0
1296840967,Çanakkale,Merkez,Barbaros Mah.,Satılık,3700000.0,6-10 arası,Yüksek Giriş,Kombi (Doğalgaz),Kombi Dogalgaz,Açık (Amerikan),50.0,45.0,2.0,8.0,3.0,0.0,4.0,4.0,5.0,1.0,1.0,0.0,0.0,1.0,1.0,ilan_1296840967,0,0,0,0,0,0,0,0,0,0,0,0,0,0,0,0,0,0,0,0,0,0,0,0,0,0,0,0,0,0,0,0,0,0,0,0,0,0,0,0,0,0,0,0,0,0,0,0,0,0,0,0,0,0,0,0,0,0,0,0,0,0,0,0,0,0,0,0,0,0,0,0,0,0,0,0,0,0,0,0,0,0,0,0,0,0,0,0,0,0,0,0,0,0,0,0,0,0,0,0,0,0,0,0,0,0,0,0,0,0,0,0,0,0,0,0,0,0,0,0,0,0,0,0,0,0,0,0,0,0,0,0,0,0,0,0,0,0,0,0,0,0,0,0,0,0,0,0,0,0,0,0
1296912025,Çanakkale,Merkez,Cevat Paşa Mh.,Satılık,3275000.0,0 (Yapım Aşamasında),Bahçe Katı,Kombi (Doğalgaz),Kombi Dogalgaz,Açık (Amerikan),74.0,63.0,3.0,0.0,0.0,0.0,4.0,4.0,5.0,1.0,1.0,0.0,1.0,0.0,0.0,ilan_1296912025,0,0,0,0,1,1,1,0,1,0,0,1,1,0,0,1,0,0,0,0,0,1,1,0,0,1,1,0,1,1,0,1,0,0,0,0,1,0,1,0,0,1,1,1,0,1,1,1,1,1,0,0,0,0,1,0,0,0,0,0,0,0,0,0,0,0,0,0,0,0,0,1,0,0,0,0,0,0,0,0,1,1,1,0,1,1,1,0,0,0,0,1,0,0,0,1,0,0,1,1,0,0,1,0,1,0,0,0,1,0,0,0,1,0,0,0,1,1,1,0,0,0,1,1,1,0,0,0,1,1,0,0,0,0,0,0,0,0,0,0,0,0,0,0,0,0,0,0,0,0,0,0
1296161501,Çanakkale,Merkez,Kepez Bld.,Satılık,4000000.0,4,2,Kombi (Doğalgaz),Kombi Dogalgaz,Açık (Amerikan),60.0,50.0,2.0,4.0,4.0,2.0,5.0,5.0,5.0,1.0,1.0,1.0,1.0,1.0,1.0,ilan_1296161501,0,0,0,0,1,0,1,0,0,0,0,0,0,0,0,0,0,0,0,0,0,1,1,0,0,0,1,0,0,0,0,0,1,0,0,0,0,0,1,0,0,1,0,1,0,0,1,0,0,0,0,0,0,0,0,0,0,0,0,0,0,0,0,0,0,0,0,0,0,0,0,0,0,0,0,0,0,0,0,0,0,0,0,0,0,0,0,0,0,0,0,0,0,0,0,0,0,0,0,0,0,0,0,0,0,0,0,0,0,0,0,0,0,0,0,0,0,0,0,0,0,0,0,0,0,0,0,0,0,0,0,0,0,0,0,0,0,0,0,0,0,0,0,0,0,0,0,0,0,0,0,0
1297780127,Çanakkale,Merkez,Kepez Bld.,Satılık,2765000.0,6-10 arası,Yüksek Giriş,Merkezi,Merkezi,Açık (Amerikan),50.0,45.0,2.0,8.0,3.0,0.0,4.0,4.0,4.0,1.0,1.0,1.0,1.0,1.0,1.0,ilan_1297780127,0,0,0,0,0,0,0,0,0,0,0,0,0,0,0,0,0,0,0,0,0,0,0,0,0,0,0,0,0,0,0,0,0,0,0,0,0,0,0,0,0,0,0,0,0,0,0,0,0,0,0,0,0,0,0,0,0,0,0,0,0,0,0,0,0,0,0,0,0,0,0,0,0,0,0,0,0,0,0,0,0,0,0,0,0,0,0,0,0,0,0,0,0,0,0,0,0,0,0,0,0,0,0,0,0,0,0,0,0,0,0,0,0,0,0,0,0,0,0,0,0,0,0,0,0,0,0,0,0,0,0,0,0,0,0,0,0,0,0,1,1,0,0,0,0,0,0,0,0,0,0,0
1303473716,Çanakkale,Merkez,İsmetpaşa Mh.,Satılık,4800000.0,6-10 arası,1,Kombi (Doğalgaz),Kombi Dogalgaz,Kapalı,89.0,80.0,3.0,8.0,3.0,1.0,5.0,3.0,5.0,1.0,0.0,1.0,1.0,0.0,0.0,ilan_1303473716,1,0,1,0,0,0,0,0,0,0,0,0,0,0,0,0,0,0,0,0,0,0,1,0,0,0,0,0,0,0,0,0,0,0,0,0,0,0,0,0,0,0,0,0,0,0,0,0,0,0,0,0,0,0,0,0,0,0,0,0,0,0,0,1,0,0,1,0,0,0,0,0,0,0,0,0,0,0,0,0,0,1,1,0,0,1,0,0,0,0,0,1,0,0,1,1,1,0,1,1,1,1,1,0,0,0,0,0,0,0,0,0,0,0,0,0,0,0,0,0,0,0,0,0,0,0,0,0,0,1,0,0,1,0,0,0,0,0,0,0,0,0,0,0,0,1,0,0,0,0,0,0
1302453375,Çanakkale,Merkez,Barbaros Mah.,Satılık,4850000.0,6-10 arası,Zemin Kat,Kombi (Doğalgaz),Kombi Dogalgaz,Kapalı,75.0,70.0,3.0,8.0,3.0,0.0,3.0,4.0,5.0,1.0,0.0,1.0,1.0,1.0,0.0,ilan_1302453375,0,0,0,1,0,0,0,0,0,0,0,1,0,0,0,1,0,0,0,0,0,1,1,0,0,0,1,0,0,0,0,0,1,0,1,0,0,0,1,0,0,0,0,1,0,1,0,1,0,0,0,0,0,0,0,0,1,1,0,0,0,0,0,1,0,0,1,0,1,0,0,0,0,0,0,0,0,0,0,0,0,0,0,0,0,0,0,0,0,0,0,0,0,0,0,0,0,0,0,0,0,0,0,0,1,0,0,1,0,1,0,1,0,0,0,0,1,1,0,0,0,0,0,0,0,0,0,0,0,0,0,0,0,0,0,0,0,0,0,1,0,0,0,0,0,0,0,0,0,0,0,0
1295272132,Çanakkale,Merkez,Kepez Bld.,Satılık,4198000.0,6-10 arası,Yüksek Giriş,Kombi (Doğalgaz),Kombi Dogalgaz,Açık (Amerikan),50.0,45.0,2.0,8.0,3.0,0.0,4.0,7.0,5.0,1.0,1.0,1.0,1.0,1.0,1.0,ilan_1295272132,0,1,0,0,0,0,0,0,0,0,0,0,1,0,0,0,1,0,0,1,0,1,1,0,0,0,0,0,0,1,0,0,1,0,0,0,0,0,0,0,1,1,0,1,1,0,0,0,0,0,0,0,0,0,0,0,0,0,0,0,0,0,0,0,0,0,0,0,0,0,0,0,0,0,0,0,0,0,0,0,0,0,0,0,0,0,0,0,0,0,0,0,0,0,0,0,0,0,0,0,0,0,0,0,0,0,0,0,0,0,0,0,0,0,0,0,0,0,0,0,0,0,0,0,0,0,0,0,0,0,0,0,0,0,0,0,0,0,0,0,0,0,0,0,0,0,0,0,0,0,0,0
1299777115,Çanakkale,Merkez,Kepez Bld.,Satılık,3499000.0,0 (Yapım Aşamasında),3,Kombi (Doğalgaz),Kombi Dogalgaz,Açık (Amerikan),50.0,40.0,2.0,0.0,0.0,3.0,5.0,3.0,5.0,1.0,1.0,1.0,1.0,1.0,0.0,ilan_1299777115,1,0,0,0,0,0,0,0,0,0,1,1,0,0,0,0,0,0,0,0,0,1,1,0,0,0,1,0,0,0,0,0,1,0,0,0,0,0,0,0,1,0,0,1,0,1,1,0,0,1,0,0,0,0,0,0,0,0,0,0,0,0,0,0,0,0,0,0,0,0,0,0,0,0,0,0,0,0,0,0,1,1,1,0,0,1,0,0,0,1,0,1,0,0,1,1,0,1,1,0,1,1,1,1,1,0,0,1,0,0,0,1,0,0,0,0,0,1,0,0,0,0,0,0,0,0,0,0,1,1,0,1,0,0,0,0,0,0,0,1,1,0,1,0,1,1,0,1,1,1,1,0
1300022470,Çanakkale,Merkez,Kepez Bld.,Satılık,4050000.0,5,1,Kombi (Doğalgaz),Kombi Dogalgaz,Açık (Amerikan),60.0,50.0,2.0,5.0,4.0,1.0,5.0,6.0,5.0,1.0,1.0,1.0,1.0,1.0,1.0,ilan_1300022470,0,0,0,0,0,0,0,0,0,0,0,0,0,0,0,0,0,0,0,0,0,0,0,0,0,0,0,0,0,0,0,0,0,0,0,0,0,0,0,0,0,0,0,0,0,0,0,0,0,0,0,0,0,0,0,0,0,0,0,0,0,0,0,0,0,0,0,0,0,0,0,0,0,0,0,0,0,0,0,0,0,0,0,0,0,0,0,0,0,0,0,0,0,0,0,0,0,0,0,0,0,0,0,0,0,0,0,0,0,0,0,0,0,0,0,0,0,0,0,0,0,0,0,0,0,0,0,0,0,0,0,0,0,0,0,0,0,0,0,0,0,0,0,0,0,0,0,0,0,0,0,0
1301994189,Çanakkale,Merkez,Cevat Paşa Mh.,Satılık,3850000.0,31 ve üzeri,4,Kombi (Doğalgaz),Kombi Dogalgaz,Kapalı,100.0,80.0,3.0,30.0,1.0,4.0,5.0,4.0,5.0,1.0,0.0,1.0,0.0,0.0,0.0,ilan_1301994189,0,0,1,1,0,0,0,0,0,0,0,0,0,0,0,0,0,0,0,0,0,0,0,0,0,0,0,0,0,0,0,0,0,0,0,0,0,0,0,0,0,0,0,0,0,0,0,0,0,0,0,0,0,0,0,0,0,0,0,0,0,0,0,0,0,0,0,0,0,0,0,0,0,0,0,0,0,0,0,0,0,0,0,0,0,0,0,0,0,0,0,0,0,0,0,0,0,0,0,0,0,0,0,0,0,0,0,0,0,0,0,0,0,0,0,0,0,0,0,0,0,0,1,1,1,0,0,0,0,0,0,1,0,0,0,0,0,0,0,0,0,0,0,0,0,0,0,0,0,0,0,0
1296611489,Çanakkale,Merkez,Cevat Paşa Mh.,Satılık,4800000.0,11-15 arası,3,Kombi (Doğalgaz),Kombi Dogalgaz,Kapalı,85.0,74.0,3.0,13.0,2.0,3.0,5.0,5.0,5.0,1.0,0.0,1.0,1.0,0.0,0.0,ilan_1296611489,0,1,1,0,1,0,0,0,0,0,0,1,1,0,0,1,0,0,0,0,0,1,1,0,0,0,0,0,0,0,0,0,1,0,1,0,0,0,1,0,0,1,0,1,0,0,1,1,1,1,0,0,0,0,0,0,0,0,0,0,1,0,0,0,0,0,0,0,0,0,0,0,0,0,1,0,1,0,0,0,0,1,1,0,0,1,0,0,0,0,0,1,0,0,0,1,1,0,1,0,0,0,0,0,0,0,0,1,0,0,0,1,1,0,0,0,0,1,1,0,0,0,0,0,0,0,0,0,1,0,0,0,1,0,0,0,0,0,0,0,0,0,0,0,0,0,0,0,0,0,0,0
1175793318,Çanakkale,Merkez,İsmetpaşa Mh.,Satılık,3050000.0,6-10 arası,7,Merkezi (Pay Ölçer),Merkezi,Açık (Amerikan),50.0,45.0,2.0,8.0,3.0,7.0,4.0,7.0,5.0,1.0,1.0,1.0,1.0,1.0,1.0,ilan_1175793318,0,0,0,0,0,0,0,0,0,0,0,0,0,0,0,0,0,0,0,0,0,0,0,0,0,0,0,0,0,0,0,0,0,0,0,0,0,0,0,0,0,0,0,0,0,0,0,0,0,0,0,0,0,0,0,0,0,0,0,0,0,0,0,0,0,0,0,0,0,0,0,0,0,0,0,0,0,0,0,0,0,0,0,0,0,0,0,0,0,0,0,0,0,0,0,0,0,0,0,0,0,0,0,0,0,0,0,0,0,0,0,0,0,0,0,0,0,0,0,0,0,0,0,0,0,0,0,0,0,0,0,0,0,0,0,0,0,0,0,0,0,0,0,0,0,0,0,0,0,0,0,0
1296923460,Çanakkale,Merkez,Barbaros Mah.,Satılık,3600000.0,6-10 arası,2,Kombi (Doğalgaz),Kombi Dogalgaz,Açık (Amerikan),65.0,49.0,2.0,8.0,3.0,2.0,5.0,3.0,5.0,1.0,1.0,0.0,1.0,1.0,1.0,ilan_1296923460,0,0,0,0,0,0,0,0,0,0,0,0,0,0,0,0,0,0,0,0,0,0,0,0,0,0,0,0,0,0,0,0,0,0,0,0,0,0,0,0,0,0,0,0,0,0,0,0,0,0,0,0,0,0,0,0,0,0,0,0,0,0,0,0,0,0,0,0,0,0,0,0,0,0,0,0,0,0,0,0,0,0,0,0,0,0,0,0,0,0,0,0,0,0,0,0,0,0,0,0,0,0,0,0,0,0,0,0,0,0,0,0,0,0,0,0,0,0,0,0,0,0,0,0,0,0,0,0,0,0,0,0,0,0,0,0,0,0,0,0,0,0,0,0,0,0,0,0,0,0,0,0
1270281336,Çanakkale,Merkez,Namık Kemal Mh.,Satılık,4250000.0,31 ve üzeri,1,Kombi (Doğalgaz),Kombi Dogalgaz,Açık (Amerikan),125.0,115.0,4.0,30.0,1.0,1.0,5.0,3.0,5.0,2.0,1.0,1.0,0.0,1.0,0.0,ilan_1270281336,1,0,1,0,0,0,0,0,0,0,0,0,0,0,0,0,0,0,0,0,0,0,0,0,0,0,0,0,0,0,0,0,0,0,0,0,0,0,0,0,0,0,0,0,0,0,0,0,0,0,0,0,0,0,0,0,0,0,0,0,0,0,0,0,0,0,0,0,0,0,0,0,0,0,0,0,0,0,0,0,0,0,1,0,0,1,0,0,0,0,0,0,0,0,0,1,0,0,0,0,1,0,1,0,0,0,0,1,0,0,0,0,0,0,0,0,0,0,0,0,0,0,0,0,1,1,0,0,0,1,0,0,0,0,0,0,0,0,0,0,0,0,0,0,0,0,0,0,0,0,0,0
1296586281,Çanakkale,Merkez,Erenköy Köyü,Satılık,3800000.0,16-20 arası,Yüksek Giriş,Kat Kaloriferi,Kat Kaloriferi,Kapalı,140.0,120.0,4.0,16.0,2.0,0.0,4.0,7.0,4.0,1.0,0.0,1.0,1.0,1.0,0.0,ilan_1296586281,1,1,1,1,0,0,0,0,0,1,0,0,0,0,0,1,0,0,0,0,0,0,0,0,0,0,0,0,0,0,0,0,0,0,0,0,0,0,0,0,0,0,0,0,0,0,1,1,0,0,1,0,0,0,1,0,0,0,1,0,1,0,0,1,0,1,1,0,0,0,0,1,0,0,0,0,1,1,0,0,0,0,1,0,1,1,0,0,0,0,0,1,0,0,0,1,1,0,0,1,0,0,0,0,1,0,0,1,0,1,1,0,0,0,0,0,1,1,0,0,0,0,1,1,1,0,0,0,1,0,0,0,1,0,0,0,0,0,0,1,0,0,0,0,0,0,0,0,0,0,0,0
1303468391,Çanakkale,Merkez,İsmetpaşa Mh.,Satılık,3325000.0,5,3,Merkezi (Pay Ölçer),Merkezi,Açık (Amerikan),60.0,45.0,2.0,5.0,4.0,3.0,5.0,7.0,5.0,1.0,1.0,1.0,1.0,1.0,0.0,ilan_1303468391,0,0,0,1,0,0,0,0,0,0,0,1,1,0,0,1,0,0,0,0,0,0,1,0,0,0,0,0,0,0,1,0,0,0,0,0,0,0,0,0,0,1,0,0,0,0,0,0,0,0,0,0,0,0,0,0,0,1,0,0,0,0,0,0,0,0,0,0,0,0,0,0,0,0,0,0,0,0,0,0,1,1,0,0,0,0,0,0,0,1,0,0,0,0,0,1,0,0,1,1,1,0,1,1,0,0,0,0,0,0,0,0,0,0,0,0,0,1,0,0,0,0,0,0,1,0,0,0,0,1,0,0,0,0,0,0,0,0,0,0,1,0,0,1,0,1,0,0,0,0,0,0
1301629004,Çanakkale,Merkez,Cevat Paşa Mh.,Satılık,3490000.0,31 ve üzeri,4,Kombi (Doğalgaz),Kombi Dogalgaz,Kapalı,88.0,85.0,3.0,30.0,1.0,4.0,5.0,4.0,5.0,1.0,0.0,1.0,0.0,0.0,0.0,ilan_1301629004,1,1,1,0,0,0,0,0,0,0,0,0,0,0,0,0,0,0,0,0,0,0,0,0,0,0,0,0,0,0,0,0,0,0,0,0,0,0,0,0,0,0,0,0,0,0,0,0,0,0,0,0,0,0,0,0,0,0,0,0,0,0,0,0,0,0,0,0,0,0,0,0,0,0,0,0,0,0,0,0,0,0,0,0,0,0,0,0,0,0,0,0,0,0,0,0,0,0,0,0,0,0,0,0,0,0,0,1,0,1,0,0,0,0,0,0,0,0,0,0,0,0,0,0,0,0,0,0,0,1,0,1,0,0,0,0,0,0,0,0,0,0,0,0,0,0,0,0,0,0,0,0
1296974909,Çanakkale,Merkez,Barbaros Mah.,Satılık,3500000.0,6-10 arası,6,Kombi (Doğalgaz),Kombi Dogalgaz,Açık (Amerikan),45.0,38.0,2.0,8.0,3.0,6.0,4.0,6.0,5.0,1.0,1.0,1.0,1.0,1.0,1.0,ilan_1296974909,0,0,1,0,0,0,0,0,0,0,0,0,0,0,0,0,0,0,0,0,0,0,0,0,0,0,0,0,0,0,0,0,0,0,0,0,0,0,0,0,0,0,0,0,0,0,0,0,0,0,0,0,0,0,0,0,0,0,0,0,0,0,0,0,0,0,0,0,0,0,0,0,0,0,0,0,0,0,0,0,0,0,0,0,0,0,0,0,0,0,0,0,0,0,0,0,0,0,0,0,0,0,0,0,0,0,0,0,0,0,0,0,0,0,0,0,0,0,0,0,0,0,0,0,0,0,0,0,0,0,0,0,0,0,0,0,0,0,0,0,0,0,0,0,0,0,0,0,0,0,0,0
1275571630,Çanakkale,Merkez,Barbaros Mah.,Satılık,3899000.0,6-10 arası,Yüksek Giriş,Kombi (Doğalgaz),Kombi Dogalgaz,Kapalı,85.0,78.0,2.0,8.0,3.0,0.0,4.0,4.0,5.0,1.0,0.0,1.0,1.0,1.0,0.0,ilan_1275571630,1,0,0,0,0,0,0,0,0,0,0,0,0,0,0,0,0,0,0,0,0,0,0,0,0,0,0,0,0,0,0,0,0,0,0,0,0,0,0,0,0,0,0,0,0,0,0,0,0,0,0,0,0,0,0,0,0,0,0,0,0,0,0,0,0,0,0,0,0,0,0,0,0,0,0,0,0,0,0,0,0,0,0,0,0,0,0,0,0,0,0,0,0,0,0,0,0,0,0,0,0,0,0,0,0,0,0,0,0,0,0,0,0,0,0,0,0,0,0,0,0,0,0,0,0,0,0,0,0,0,0,0,0,0,0,0,0,0,0,0,0,0,0,0,0,0,0,0,0,0,0,0
1296245649,Çanakkale,Merkez,Barbaros Mah.,Satılık,3300000.0,11-15 arası,2,Kombi (Doğalgaz),Kombi Dogalgaz,Açık (Amerikan),75.0,60.0,2.0,13.0,2.0,2.0,5.0,3.0,5.0,1.0,1.0,1.0,0.0,0.0,0.0,ilan_1296245649,0,0,0,0,0,0,0,0,0,0,0,0,0,0,0,0,0,0,0,0,0,0,0,0,0,0,0,0,0,0,0,0,0,0,0,0,0,0,0,0,0,0,0,0,0,0,0,0,0,0,0,0,0,0,0,0,0,0,0,0,0,0,0,0,0,0,0,0,0,0,0,0,0,0,0,0,0,0,0,0,1,1,1,0,0,1,1,0,0,1,0,1,0,0,1,1,1,0,0,1,0,1,1,1,1,0,0,1,0,1,0,1,0,0,0,0,0,0,0,0,0,0,1,1,1,0,0,0,0,1,0,0,1,0,0,0,0,0,0,0,0,0,0,0,0,0,0,0,0,0,0,0
1301269241,Çanakkale,Merkez,Esenler Mah.,Satılık,4850000.0,26-30 arası,1,Kombi (Doğalgaz),Kombi Dogalgaz,Kapalı,115.0,100.0,4.0,30.0,1.0,1.0,5.0,6.0,5.0,2.0,0.0,1.0,1.0,1.0,0.0,ilan_1301269241,0,0,0,0,0,0,0,0,0,0,0,0,0,0,0,0,0,0,0,0,0,0,0,0,0,0,0,0,0,0,0,0,0,0,0,0,0,0,0,0,0,0,0,0,0,0,0,0,0,0,0,0,0,0,0,0,0,0,0,0,0,0,0,0,0,0,0,0,0,0,0,0,0,0,0,0,0,0,0,0,0,0,0,0,0,0,0,0,0,0,0,0,0,0,0,0,0,0,0,0,0,0,0,0,0,0,0,0,0,0,0,0,0,0,0,0,0,0,0,0,0,0,0,0,0,0,0,0,0,0,0,0,0,0,0,0,0,0,0,0,0,0,0,0,0,0,0,0,0,0,0,0
1267900936,Çanakkale,Merkez,Barbaros Mah.,Satılık,4750000.0,11-15 arası,1,Kombi (Doğalgaz),Kombi Dogalgaz,Kapalı,97.0,85.0,3.0,13.0,2.0,1.0,5.0,4.0,5.0,1.0,0.0,1.0,0.0,0.0,0.0,ilan_1267900936,0,0,1,0,0,0,0,0,0,0,0,0,1,0,0,1,0,0,0,0,0,1,1,0,0,0,0,0,0,0,0,0,0,0,0,0,0,0,1,0,0,0,0,0,0,0,0,0,0,0,0,0,0,0,0,0,0,0,0,0,0,0,0,0,0,0,0,0,0,0,0,0,0,0,0,0,0,0,0,0,0,0,0,0,0,0,0,0,0,0,0,1,0,0,1,1,1,0,0,1,0,0,0,0,0,0,0,1,0,0,0,0,0,0,0,0,1,1,0,0,0,0,0,0,0,0,0,0,0,0,0,0,0,0,0,0,0,0,0,0,0,0,0,0,0,0,0,0,0,0,0,0
1173266132,Çanakkale,Merkez,İsmetpaşa Mh.,Satılık,4900000.0,4,4,Merkezi (Pay Ölçer),Merkezi,Açık (Amerikan),85.0,76.0,3.0,4.0,4.0,4.0,5.0,7.0,5.0,1.0,1.0,1.0,1.0,1.0,0.0,ilan_1173266132,0,0,0,0,0,0,0,0,1,0,0,1,1,0,0,1,0,0,0,0,0,1,1,0,0,0,0,0,0,1,0,0,1,0,1,0,0,0,1,0,0,1,1,1,0,0,1,0,1,0,0,0,0,0,1,0,0,0,0,0,1,0,1,1,0,0,1,0,0,0,0,0,0,0,1,0,1,1,0,0,0,0,1,0,0,1,0,0,0,0,0,1,0,0,1,1,1,0,0,0,0,0,0,0,0,0,0,1,0,0,0,0,0,0,0,0,0,0,0,0,0,0,0,0,0,0,0,0,0,1,0,0,1,0,0,0,0,0,0,1,1,0,0,0,0,0,1,0,0,0,0,0
1297599359,Çanakkale,Merkez,Cevat Paşa Mh.,Satılık,4500000.0,6-10 arası,4,Kombi (Doğalgaz),Kombi Dogalgaz,Açık (Amerikan),80.0,75.0,3.0,8.0,3.0,4.0,5.0,4.0,5.0,1.0,1.0,1.0,1.0,1.0,0.0,ilan_1297599359,0,0,0,0,0,0,0,0,0,0,0,0,0,0,0,0,0,0,0,0,0,0,0,0,0,0,0,0,0,0,0,0,0,0,0,0,0,0,0,0,0,0,0,0,0,0,0,0,0,0,0,0,0,0,0,0,0,0,0,0,0,0,0,0,0,0,0,0,0,0,0,0,0,0,0,0,0,0,0,0,0,0,0,0,0,0,0,0,0,0,0,0,0,0,0,0,0,0,0,0,0,0,0,0,0,0,0,0,0,0,0,0,0,0,0,0,0,0,0,0,0,0,0,0,0,0,0,0,0,0,0,0,0,0,0,0,0,0,0,0,0,0,0,0,0,0,0,0,0,0,0,0
1247359485,Çanakkale,Merkez,Cevat Paşa Mh.,Satılık,4500000.0,31 ve üzeri,1,Kombi (Doğalgaz),Kombi Dogalgaz,Kapalı,110.0,100.0,3.0,30.0,1.0,1.0,5.0,3.0,5.0,1.0,0.0,1.0,0.0,0.0,0.0,ilan_1247359485,0,0,0,0,0,0,0,0,0,0,0,0,0,0,0,0,0,0,0,0,0,0,0,0,0,0,0,0,0,0,0,0,0,0,0,0,0,0,0,0,0,0,0,0,0,0,0,0,0,0,0,0,0,0,0,0,0,0,0,0,0,0,0,0,0,0,0,0,0,0,0,0,0,0,0,0,0,0,0,0,0,0,0,0,0,0,0,0,0,0,0,0,0,0,0,0,0,0,0,0,0,0,0,0,0,0,0,0,0,0,0,0,0,0,0,0,0,0,0,0,0,0,0,0,0,0,0,0,0,0,0,0,0,0,0,0,0,0,0,0,0,0,0,0,0,0,0,0,0,0,0,0
1306159609,Çanakkale,Merkez,Karacaören Köyü,Satılık,2750000.0,0 (Yapım Aşamasında),8,Yerden Isıtma,Yerden Isitma,Açık (Amerikan),55.0,45.0,2.0,0.0,0.0,8.0,4.0,8.0,5.0,1.0,1.0,1.0,1.0,1.0,0.0,ilan_1306159609,1,0,0,1,0,0,0,0,0,0,0,1,1,0,0,1,0,0,0,0,0,1,1,0,0,0,1,0,0,1,0,0,1,0,0,0,0,0,0,0,0,1,0,0,0,0,0,1,0,1,0,0,0,0,1,0,0,0,0,0,1,0,0,0,1,1,1,0,0,0,0,0,0,1,0,0,1,1,1,0,1,0,1,1,0,1,0,0,0,0,0,1,0,0,1,1,1,0,1,0,1,1,0,0,0,0,0,0,0,0,0,0,0,0,0,0,0,0,0,0,0,0,0,1,1,0,0,0,0,0,0,1,0,0,0,0,0,0,0,1,0,0,0,0,0,1,0,0,0,0,0,0
1297231519,Çanakkale,Merkez,Kepez Bld.,Satılık,4500000.0,6-10 arası,3,Kombi (Doğalgaz),Kombi Dogalgaz,Kapalı,75.0,70.0,2.0,8.0,3.0,3.0,5.0,5.0,5.0,1.0,0.0,1.0,1.0,1.0,0.0,ilan_1297231519,0,0,0,0,0,0,0,0,0,0,0,0,0,0,0,0,0,0,0,0,0,0,0,0,0,0,0,0,0,0,0,0,0,0,0,0,0,0,0,0,0,0,0,0,0,0,0,0,0,0,0,0,0,0,0,0,0,0,0,0,0,0,0,0,0,0,0,0,0,0,0,0,0,0,0,0,0,0,0,0,0,0,0,0,0,0,0,0,0,0,0,0,0,0,0,0,0,0,0,0,0,0,0,0,0,0,0,0,0,0,0,0,0,0,0,0,0,0,0,0,0,0,0,0,0,0,0,0,0,0,0,0,0,0,0,0,0,0,0,0,0,0,0,0,0,0,0,0,0,0,0,0
1299774270,Çanakkale,Merkez,Namık Kemal Mh.,Satılık,2000000.0,31 ve üzeri,1,Kombi (Doğalgaz),Kombi Dogalgaz,Kapalı,55.0,50.0,2.0,30.0,1.0,1.0,5.0,3.0,5.0,1.0,0.0,0.0,0.0,0.0,1.0,ilan_1299774270,1,0,0,0,0,0,0,0,0,0,0,0,0,0,0,1,0,1,0,1,0,1,0,0,0,0,0,0,0,0,0,0,0,0,0,0,0,0,0,0,0,0,0,1,0,0,0,0,0,0,0,0,0,0,0,0,0,0,0,0,0,0,0,0,0,0,0,0,0,0,0,0,0,0,0,0,0,0,0,0,1,1,1,0,0,1,0,0,0,0,0,0,0,0,0,1,0,0,0,0,1,0,1,0,1,0,0,0,0,0,0,0,1,0,0,0,0,1,0,0,0,0,0,0,0,0,0,0,0,1,0,0,1,0,0,0,0,0,0,0,0,0,0,0,0,0,0,0,0,0,0,0
1299885027,Çanakkale,Merkez,Barbaros Mah.,Satılık,4160000.0,11-15 arası,2,Kombi (Doğalgaz),Kombi Dogalgaz,Açık (Amerikan),70.0,56.0,2.0,13.0,2.0,2.0,5.0,4.0,5.0,1.0,1.0,1.0,1.0,1.0,0.0,ilan_1299885027,0,1,1,0,1,1,0,0,1,0,0,1,1,0,0,0,0,0,0,0,0,1,1,1,0,1,1,0,0,0,0,0,0,0,0,0,0,0,0,0,0,0,0,0,0,0,0,0,0,0,0,0,0,0,0,0,0,0,0,0,0,0,0,0,0,0,1,0,0,0,0,0,0,0,0,0,0,0,0,0,1,1,1,1,0,1,1,1,0,1,0,1,1,0,1,1,1,1,0,0,0,0,0,1,1,0,0,1,0,0,0,1,1,0,0,1,1,1,0,0,0,0,0,0,0,0,0,0,1,1,0,0,1,0,0,0,0,0,0,1,1,0,0,0,1,0,0,0,0,0,0,0
1295279193,Çanakkale,Merkez,Cevat Paşa Mh.,Satılık,4900000.0,21-25 arası,3,Kombi (Doğalgaz),Kombi Dogalgaz,Kapalı,110.0,100.0,4.0,21.0,2.0,3.0,5.0,4.0,5.0,1.0,0.0,1.0,0.0,0.0,0.0,ilan_1295279193,1,1,1,0,0,0,0,0,0,0,0,0,0,0,0,0,0,0,0,0,0,0,1,0,0,0,0,0,0,0,0,0,0,1,1,0,1,0,0,0,0,0,0,0,0,1,0,0,0,0,0,0,0,0,0,0,0,0,0,0,0,0,0,0,0,0,0,0,0,0,0,0,0,0,0,0,0,0,0,0,0,0,0,0,0,0,0,0,0,0,0,0,0,0,0,0,0,0,0,0,0,0,0,0,0,0,0,0,0,0,0,0,0,0,0,0,0,0,0,0,0,0,0,0,0,0,0,0,0,0,0,0,0,0,0,0,0,0,0,0,0,0,0,0,0,0,0,0,0,0,0,0
1277337612,Çanakkale,Merkez,İsmetpaşa Mh.,Satılık,3750000.0,31 ve üzeri,5,Kombi (Doğalgaz),Kombi Dogalgaz,Kapalı,125.0,115.0,4.0,30.0,1.0,5.0,5.0,5.0,5.0,1.0,0.0,1.0,0.0,0.0,0.0,ilan_1277337612,0,0,1,0,0,0,0,0,0,1,0,0,0,0,0,0,0,0,0,0,0,0,0,0,0,0,0,0,0,0,0,0,0,0,0,0,0,0,0,0,0,0,0,0,0,0,0,0,0,0,0,0,0,0,0,0,0,0,0,0,0,0,0,0,0,0,0,0,0,0,0,0,0,0,0,0,0,0,0,0,0,0,1,0,0,0,0,0,0,0,0,0,0,0,0,0,0,0,0,0,1,0,1,0,0,0,0,0,0,0,0,0,0,0,0,0,0,0,0,0,0,0,0,0,0,0,0,0,0,0,0,1,0,0,0,0,0,0,0,0,0,0,0,0,0,0,0,0,0,0,0,0
1286451286,Çanakkale,Merkez,Erenköy Köyü,Satılık,4500000.0,16-20 arası,3,Merkezi,Merkezi,Açık (Amerikan),114.0,98.0,3.0,16.0,2.0,3.0,5.0,3.0,4.0,1.0,1.0,1.0,0.0,1.0,0.0,ilan_1286451286,1,1,1,0,0,1,0,0,0,1,0,0,0,0,0,0,0,0,0,0,0,0,1,0,0,1,0,0,0,0,0,0,1,0,0,1,0,0,0,0,0,0,0,0,0,0,1,1,0,0,0,0,0,1,0,0,0,0,1,0,1,0,1,1,0,0,0,0,0,0,0,1,0,0,0,0,1,0,0,0,0,0,1,0,0,1,1,0,0,0,0,1,0,0,0,1,1,1,0,1,0,0,0,0,0,0,0,0,0,0,0,0,0,0,0,0,1,0,0,0,0,0,1,1,1,0,0,0,1,0,0,1,0,0,0,0,0,0,0,1,0,0,0,0,1,0,1,1,1,1,0,0
1241552491,Çanakkale,Merkez,Erenköy Köyü,Satılık,4600000.0,3,2,Kat Kaloriferi,Kat Kaloriferi,Kapalı,92.0,72.0,3.0,3.0,4.0,2.0,5.0,4.0,4.0,1.0,0.0,1.0,1.0,1.0,0.0,ilan_1241552491,0,0,0,0,0,0,0,0,0,0,0,0,0,0,0,0,0,0,0,0,0,0,0,0,0,0,0,0,0,0,0,0,0,0,0,0,0,0,0,0,0,0,0,0,0,0,0,0,0,0,0,0,0,0,0,0,0,0,0,0,1,0,0,1,0,1,1,0,0,0,0,1,0,0,0,0,1,0,0,0,0,0,0,0,0,0,0,0,0,0,0,0,0,0,0,0,0,0,0,0,0,0,0,0,1,0,0,0,0,0,0,0,0,0,0,0,0,0,0,0,0,0,1,1,1,0,0,0,0,0,0,0,1,0,0,0,0,0,0,1,1,0,0,0,1,1,0,0,0,0,0,0
1286675849,Çanakkale,Merkez,Cevat Paşa Mh.,Satılık,3250000.0,31 ve üzeri,Zemin Kat,Kombi (Doğalgaz),Kombi Dogalgaz,Kapalı,60.0,55.0,2.0,30.0,1.0,0.0,3.0,3.0,5.0,1.0,0.0,1.0,0.0,0.0,1.0,ilan_1286675849,0,0,0,0,1,0,0,0,0,0,0,1,1,0,1,0,0,1,0,1,0,0,1,0,0,0,0,0,0,0,0,0,0,0,1,1,0,0,1,0,0,0,0,0,0,0,0,0,1,0,0,0,0,0,0,0,0,0,0,0,0,0,0,0,0,0,0,0,0,0,0,0,0,0,0,0,1,0,0,0,0,1,1,0,0,1,0,0,0,0,0,0,0,0,0,1,1,0,0,1,0,0,1,1,0,0,0,1,0,0,0,0,0,0,0,0,0,1,0,0,0,0,0,0,0,0,0,0,1,1,0,0,0,0,0,0,0,0,0,0,0,0,0,0,0,0,0,0,0,0,0,0
1304846869,Çanakkale,Merkez,Kepez Bld.,Satılık,4500000.0,11-15 arası,Bahçe Katı,Kombi (Doğalgaz),Kombi Dogalgaz,Kapalı,105.0,90.0,3.0,13.0,2.0,0.0,4.0,4.0,5.0,1.0,0.0,1.0,0.0,0.0,0.0,ilan_1304846869,0,0,0,0,0,0,0,0,0,1,0,1,0,0,0,0,0,0,0,0,0,0,1,0,0,0,0,0,0,0,0,0,0,0,0,0,0,0,0,0,0,0,0,0,0,1,1,0,0,1,0,0,0,0,0,0,0,0,0,0,0,0,0,0,0,0,0,0,0,0,0,0,0,0,0,0,0,0,0,0,0,0,0,0,0,1,0,0,0,1,0,1,0,0,0,1,1,0,0,0,0,0,0,0,1,0,0,0,0,0,0,0,0,0,0,0,0,1,0,0,0,0,0,0,0,0,0,0,0,0,0,0,0,0,0,0,0,0,0,0,0,0,0,0,0,0,0,0,0,0,0,0
1306193099,Çanakkale,Merkez,Kepez Bld.,Satılık,3150000.0,6-10 arası,Giriş Katı,Kombi (Doğalgaz),Kombi Dogalgaz,Açık (Amerikan),55.0,47.0,2.0,8.0,3.0,0.0,3.0,6.0,5.0,1.0,1.0,1.0,1.0,1.0,0.0,ilan_1306193099,0,0,0,0,0,0,0,0,0,0,0,0,0,0,0,0,0,0,0,0,0,1,1,0,0,0,0,0,0,0,0,0,1,0,0,0,0,0,0,0,0,0,0,1,0,1,0,0,0,0,0,0,0,0,0,0,0,0,0,0,0,0,0,0,0,0,0,0,0,0,0,0,0,0,0,0,1,0,0,0,0,0,0,0,0,1,0,0,0,1,0,0,0,0,0,0,0,0,0,0,0,0,0,0,0,0,0,0,0,0,0,0,0,0,0,0,0,1,0,0,0,0,0,0,1,0,0,0,0,0,0,0,0,0,0,0,0,0,0,1,0,0,0,0,0,0,0,0,0,0,0,0
1296356621,Çanakkale,Merkez,Kepez Bld.,Satılık,4000000.0,5,2,Kombi (Doğalgaz),Kombi Dogalgaz,Açık (Amerikan),70.0,60.0,3.0,5.0,4.0,2.0,5.0,4.0,5.0,1.0,1.0,1.0,1.0,0.0,0.0,ilan_1296356621,0,0,0,0,0,0,0,0,0,0,0,0,0,0,0,0,0,0,0,0,0,0,0,0,0,0,0,0,0,0,0,0,0,0,0,0,0,0,0,0,0,0,0,0,0,0,0,0,0,0,0,0,0,0,0,0,0,0,0,0,0,0,0,0,0,0,0,0,0,0,0,0,0,0,0,0,0,0,0,0,0,0,0,0,0,0,0,0,0,0,0,0,0,0,0,0,0,0,0,0,0,0,0,0,0,0,0,0,0,0,0,0,0,0,0,0,0,0,0,0,0,0,0,0,0,0,0,0,0,0,0,0,0,0,0,0,0,0,0,0,0,0,0,0,0,0,0,0,0,0,0,0
1303298915,Çanakkale,Merkez,Barbaros Mah.,Satılık,2500000.0,6-10 arası,Yüksek Giriş,Merkezi,Merkezi,Açık (Amerikan),45.0,35.0,1.0,8.0,3.0,0.0,4.0,4.0,4.0,1.0,1.0,1.0,1.0,1.0,1.0,ilan_1303298915,0,0,1,0,0,0,0,0,0,0,0,0,0,0,0,0,0,0,0,0,0,0,0,0,0,0,0,0,0,0,0,0,0,0,0,0,0,0,0,0,0,0,0,0,0,0,0,0,0,0,0,0,0,0,0,0,0,0,0,0,0,0,0,0,0,0,0,0,0,0,0,0,0,0,0,0,0,0,0,0,0,0,0,0,0,0,0,0,0,0,0,0,0,0,0,0,0,0,0,0,0,0,0,0,0,0,0,0,0,0,0,0,0,0,0,0,0,0,0,0,0,0,0,0,0,0,0,0,0,0,0,0,0,0,0,0,0,0,0,0,0,0,0,0,0,0,0,0,0,0,0,0
1290075081,Çanakkale,Merkez,Cevat Paşa Mh.,Satılık,4150000.0,31 ve üzeri,4,Kombi (Doğalgaz),Kombi Dogalgaz,Kapalı,158.0,140.0,4.0,30.0,1.0,4.0,5.0,4.0,5.0,2.0,0.0,1.0,0.0,0.0,0.0,ilan_1290075081,1,0,1,1,1,0,0,0,0,0,0,1,0,0,0,0,0,0,0,0,0,1,0,0,0,0,0,0,0,0,0,0,0,0,0,0,0,0,1,0,0,0,0,1,0,1,0,0,0,0,0,0,0,0,0,0,0,0,0,0,0,0,0,0,0,0,0,0,0,0,0,0,0,0,0,0,1,0,0,0,0,1,1,0,0,1,0,0,0,1,0,0,0,0,0,1,0,0,1,0,0,0,1,1,1,0,0,1,1,0,0,1,1,0,0,0,0,0,0,0,0,0,0,0,0,0,0,0,0,0,0,1,0,0,0,0,0,0,0,0,0,0,0,0,0,0,0,0,0,0,0,0
1295007792,Çanakkale,Merkez,Kepez Bld.,Satılık,3900000.0,5,5,Kombi (Doğalgaz),Kombi Dogalgaz,Açık (Amerikan),55.0,50.0,2.0,5.0,4.0,5.0,5.0,6.0,5.0,1.0,1.0,1.0,1.0,1.0,1.0,ilan_1295007792,0,0,0,0,0,0,0,0,0,0,0,0,0,0,0,0,0,0,0,0,0,0,0,0,0,0,0,0,0,0,0,0,0,0,0,0,0,0,0,0,0,0,0,0,0,0,0,0,0,0,0,0,0,0,0,0,0,0,0,0,0,0,0,0,0,0,0,0,0,0,0,0,0,0,0,0,0,0,0,0,0,0,0,0,0,0,0,0,0,0,0,0,0,0,0,0,0,0,0,0,0,0,0,0,0,0,0,0,0,0,0,0,0,0,0,0,0,0,0,0,0,0,0,0,0,0,0,0,0,0,0,0,0,0,0,0,0,0,0,0,0,0,0,0,0,0,0,0,0,0,0,0
1294963856,Çanakkale,Merkez,Barbaros Mah.,Satılık,4450000.0,11-15 arası,Yüksek Giriş,Kombi (Doğalgaz),Kombi Dogalgaz,Kapalı,176.0,160.0,5.0,13.0,2.0,0.0,4.0,4.0,5.0,2.0,0.0,1.0,1.0,0.0,0.0,ilan_1294963856,0,1,0,1,0,0,0,0,0,0,0,0,0,0,0,0,0,0,0,0,0,1,1,0,0,0,1,0,0,0,0,0,0,0,0,1,0,0,0,0,0,0,0,0,0,1,0,0,0,0,0,0,0,0,0,0,0,0,0,0,1,0,0,0,0,0,0,0,0,0,0,0,0,0,0,0,0,0,0,0,0,0,1,0,0,1,0,0,0,0,0,1,0,0,0,1,1,0,0,1,0,1,0,0,0,0,0,1,0,0,0,1,0,0,0,0,0,1,0,0,0,0,0,0,0,0,0,0,0,0,0,0,0,0,0,0,0,1,0,0,0,0,0,0,0,0,0,0,0,0,0,0
1303102853,Çanakkale,Merkez,İsmetpaşa Mh.,Satılık,7500000.0,4,2,Merkezi,Merkezi,Kapalı,115.0,105.0,3.0,4.0,4.0,2.0,5.0,7.0,4.0,2.0,0.0,1.0,1.0,1.0,1.0,ilan_1303102853,0,1,1,0,0,0,0,0,0,0,0,0,0,0,0,0,0,0,0,0,0,0,0,0,1,1,0,0,0,0,0,0,0,0,0,0,0,0,0,0,0,1,0,0,0,0,0,0,0,0,0,0,0,0,0,0,0,0,0,0,0,0,0,0,0,0,0,0,0,0,0,0,0,0,0,0,0,0,1,0,0,0,0,0,0,0,0,0,0,0,0,0,0,0,0,0,0,0,0,0,0,0,0,0,0,0,0,0,0,0,0,0,0,0,0,0,0,0,0,0,0,0,0,0,0,0,0,0,0,0,0,0,1,0,0,0,0,0,0,0,0,0,0,0,0,0,0,0,0,0,0,0
1304678013,Çanakkale,Merkez,Kepez Bld.,Satılık,11050000.0,6-10 arası,1,Merkezi (Pay Ölçer),Merkezi,Kapalı,150.0,135.0,4.0,8.0,3.0,1.0,5.0,5.0,5.0,2.0,0.0,1.0,1.0,1.0,0.0,ilan_1304678013,0,0,1,0,1,0,0,0,0,0,0,0,1,0,0,0,0,0,0,0,0,1,1,0,1,0,1,1,0,0,0,0,1,0,1,0,0,0,0,0,0,1,0,1,0,1,0,1,1,1,1,0,0,0,1,0,0,0,1,0,1,0,0,1,0,0,1,0,0,0,0,1,0,1,1,0,1,0,1,0,0,1,1,0,0,1,0,0,0,1,0,1,0,0,1,1,1,0,0,1,1,0,0,1,1,0,0,0,0,0,0,0,0,0,0,0,0,1,0,0,0,0,1,1,0,0,0,0,1,1,0,0,1,0,0,0,0,0,0,1,0,0,0,0,0,1,0,0,0,1,0,0
1306500695,Çanakkale,Merkez,Kepez Bld.,Satılık,8250000.0,11-15 arası,Yüksek Giriş,Merkezi (Pay Ölçer),Merkezi,Kapalı,125.0,115.0,4.0,13.0,2.0,0.0,4.0,4.0,5.0,2.0,0.0,1.0,1.0,1.0,0.0,ilan_1306500695,1,0,1,0,0,0,0,0,0,0,0,1,1,0,0,1,0,0,0,0,0,1,1,0,0,1,1,0,0,0,1,0,1,0,0,0,0,0,1,0,0,1,0,1,0,0,1,1,1,0,0,0,0,0,0,0,0,0,1,0,1,0,1,1,0,0,0,0,1,0,0,0,0,1,0,0,1,0,0,0,1,1,1,0,0,1,0,0,0,1,0,1,0,0,1,1,1,0,1,1,1,0,1,1,1,0,0,1,0,0,0,0,0,0,0,0,0,1,0,0,0,0,0,0,0,0,0,0,1,1,0,0,0,0,0,0,0,0,0,1,0,0,0,0,1,1,1,1,1,1,0,0
1226873316,Çanakkale,Merkez,Esenler Mah.,Satılık,8000000.0,4,Zemin Kat,Kombi (Doğalgaz),Kombi Dogalgaz,Açık (Amerikan),143.0,116.0,4.0,4.0,4.0,0.0,3.0,5.0,5.0,2.0,1.0,1.0,1.0,1.0,0.0,ilan_1226873316,1,0,1,1,1,0,0,0,1,0,0,0,1,0,0,0,0,0,0,0,0,1,0,0,1,1,0,0,0,1,1,0,1,1,1,0,1,0,0,0,0,0,0,0,1,1,1,0,1,0,0,0,1,0,1,0,0,0,0,0,0,0,0,0,0,0,0,0,0,0,0,0,0,0,0,0,0,0,0,0,0,0,0,0,0,0,0,0,0,0,0,0,0,0,0,0,0,0,0,0,0,0,0,0,0,0,0,0,0,0,0,0,0,0,0,0,0,0,0,0,0,0,0,0,0,0,0,0,0,0,0,0,0,0,0,0,0,0,0,0,0,0,0,0,0,0,0,0,0,0,0,0
1263501727,Çanakkale,Merkez,Kepez Bld.,Satılık,7500000.0,6-10 arası,3,Kombi (Doğalgaz),Kombi Dogalgaz,Açık (Amerikan),135.0,125.0,3.0,8.0,3.0,3.0,5.0,3.0,5.0,3.0,1.0,1.0,1.0,1.0,1.0,ilan_1263501727,0,1,0,0,0,1,0,0,0,0,0,0,0,0,1,0,1,1,0,1,0,1,1,0,1,1,0,0,1,1,0,0,0,0,0,0,1,0,0,0,1,1,1,1,0,1,0,0,1,1,1,0,1,0,1,0,0,0,0,0,0,0,0,0,0,0,0,0,0,0,0,0,0,0,0,0,0,0,0,0,0,0,0,0,0,0,0,0,0,0,0,0,0,0,0,0,0,0,0,0,0,0,0,0,0,0,0,0,0,0,0,0,0,0,0,0,0,0,0,0,0,0,1,1,0,0,0,0,0,0,1,0,0,0,0,0,0,0,0,0,0,0,0,0,0,0,0,0,0,0,0,0
1297090183,Çanakkale,Merkez,Esenler Mah.,Satılık,8750000.0,0 (Oturuma Hazır),4,Merkezi (Pay Ölçer),Merkezi,Kapalı,165.0,149.0,9.0,0.0,0.0,4.0,5.0,8.0,5.0,2.0,0.0,1.0,1.0,1.0,0.0,ilan_1297090183,0,1,1,1,0,1,0,0,0,0,0,1,1,0,0,1,0,0,0,0,1,1,1,0,1,0,1,1,0,1,0,0,1,0,1,0,0,0,1,0,0,1,0,0,0,0,1,1,0,0,0,0,0,0,1,0,0,0,0,0,1,0,0,1,0,1,0,0,1,0,0,1,0,1,0,0,0,1,1,0,1,1,1,1,0,1,0,0,0,0,0,1,1,0,1,1,1,0,1,1,1,0,1,1,1,0,0,1,0,1,0,1,1,0,0,0,0,1,0,0,0,0,0,0,1,0,0,0,1,1,0,0,1,0,0,0,0,0,0,1,1,1,1,0,1,1,1,1,1,1,1,1
1299225376,Çanakkale,Merkez,Kepez Bld.,Satılık,7300000.0,11-15 arası,2,Yerden Isıtma,Yerden Isitma,Açık (Amerikan),90.0,75.0,3.0,13.0,2.0,2.0,5.0,5.0,5.0,1.0,1.0,0.0,1.0,1.0,0.0,ilan_1299225376,1,0,0,0,0,0,0,0,0,0,0,0,0,0,0,0,0,0,0,0,0,0,0,0,0,0,0,0,0,0,0,0,0,0,0,0,0,0,0,0,0,0,0,0,0,0,0,0,0,0,0,0,0,0,0,0,0,0,0,0,0,0,0,0,0,0,0,0,0,0,0,0,0,0,0,0,0,0,0,0,0,0,0,0,0,0,0,0,0,0,0,0,0,0,0,0,0,0,0,0,0,0,0,0,0,0,0,0,0,0,0,0,0,0,0,0,0,0,0,0,0,0,0,0,0,0,0,0,0,0,0,0,1,0,0,0,0,0,0,0,0,0,0,0,0,0,0,0,0,0,0,0
1279107737,Çanakkale,Merkez,Kepez Bld.,Satılık,7150000.0,6-10 arası,3,Kombi (Doğalgaz),Kombi Dogalgaz,Kapalı,290.0,220.0,5.0,8.0,3.0,3.0,5.0,3.0,5.0,2.0,0.0,1.0,1.0,1.0,0.0,ilan_1279107737,1,0,1,0,0,0,0,0,0,0,0,0,0,0,0,0,0,0,0,0,0,0,0,0,0,0,0,0,0,0,0,0,0,0,0,0,0,0,0,0,0,0,0,0,0,0,0,0,0,0,0,0,0,0,0,0,0,0,0,0,0,0,0,0,0,0,0,0,0,0,0,0,0,0,0,0,0,0,0,0,0,0,0,0,0,0,0,0,0,0,0,0,0,0,0,0,0,0,0,0,0,0,0,0,0,0,0,0,0,0,0,0,0,0,0,0,0,0,0,0,0,0,0,1,1,0,0,0,0,1,0,0,0,0,0,0,0,0,0,0,0,0,0,0,0,0,0,0,0,0,0,0
1301027726,Çanakkale,Merkez,Barbaros Mah.,Satılık,8000000.0,6-10 arası,3,Kombi (Doğalgaz),Kombi Dogalgaz,Kapalı,180.0,160.0,4.0,8.0,3.0,3.0,5.0,3.0,5.0,3.0,0.0,1.0,1.0,0.0,0.0,ilan_1301027726,1,1,1,1,0,0,0,0,0,0,0,0,0,0,0,0,0,0,0,0,0,0,0,0,0,0,0,0,0,0,0,0,0,0,0,0,0,0,0,0,0,0,0,0,0,0,0,0,0,0,0,0,0,0,0,0,0,0,0,0,0,0,0,0,0,0,0,0,0,0,0,0,0,0,0,0,0,0,0,0,0,0,1,0,0,0,0,0,0,0,0,1,0,0,0,1,1,0,0,1,0,0,0,0,0,0,0,0,0,0,0,1,0,0,0,0,0,1,0,0,0,0,0,0,0,0,0,0,0,0,1,0,0,0,0,0,0,0,0,0,0,0,0,0,0,0,0,0,0,0,0,0
1301893255,Çanakkale,Merkez,İsmetpaşa Mh.,Satılık,7250000.0,6-10 arası,2,Merkezi (Pay Ölçer),Merkezi,Kapalı,140.0,125.0,4.0,8.0,3.0,2.0,5.0,7.0,5.0,2.0,0.0,1.0,1.0,1.0,0.0,ilan_1301893255,0,0,1,0,0,0,0,0,0,0,0,0,1,0,0,0,0,0,0,0,0,0,1,0,1,0,1,1,0,1,0,0,0,0,1,0,1,0,0,0,0,1,0,1,1,0,0,0,0,1,1,0,0,0,0,0,0,0,0,0,0,0,0,0,0,0,0,0,0,0,0,0,0,0,0,0,0,0,0,0,0,0,0,0,0,0,0,0,0,0,0,0,0,0,0,0,0,0,0,0,0,0,0,0,0,0,0,0,0,0,0,0,0,0,0,0,0,0,0,0,0,0,0,0,0,0,0,0,0,0,0,0,0,0,0,0,0,0,0,0,0,0,0,0,0,0,0,0,0,0,0,0
1285329768,Çanakkale,Merkez,Kepez Bld.,Satılık,10750000.0,6-10 arası,5,Kombi (Doğalgaz),Kombi Dogalgaz,Kapalı,230.0,185.0,6.0,8.0,3.0,5.0,5.0,5.0,5.0,3.0,0.0,1.0,1.0,1.0,0.0,ilan_1285329768,0,0,0,0,0,0,0,0,0,0,0,0,0,0,0,0,0,0,0,0,0,0,0,0,0,0,0,0,0,0,0,0,0,0,0,0,0,0,0,0,0,0,0,0,0,0,0,0,0,0,0,0,0,0,0,0,0,0,0,0,0,0,0,0,0,0,0,0,0,0,0,0,0,0,0,0,0,0,0,0,0,0,0,0,0,0,0,0,0,0,0,0,0,0,0,0,0,0,0,0,0,0,0,0,0,0,0,0,0,0,0,0,0,0,0,0,0,0,0,0,0,0,0,0,0,0,0,0,0,0,1,1,0,0,0,1,0,0,0,0,0,0,0,0,0,0,0,0,0,0,0,0
1284023904,Çanakkale,Merkez,Kepez Bld.,Satılık,19625000.0,4,5,Yerden Isıtma,Yerden Isitma,Kapalı,225.0,200.0,6.0,4.0,4.0,5.0,5.0,5.0,5.0,4.0,0.0,1.0,1.0,1.0,0.0,ilan_1284023904,1,1,0,0,0,0,0,0,0,1,0,1,1,0,1,1,1,0,0,0,0,1,1,0,1,1,0,1,0,1,0,0,0,0,1,1,1,0,1,0,0,1,0,0,0,1,1,0,1,0,0,0,1,0,1,0,0,1,1,1,1,1,1,1,1,1,1,0,0,0,1,0,0,1,1,0,0,1,1,1,1,1,0,0,0,0,0,0,0,1,0,1,0,0,1,1,0,0,0,0,0,0,0,0,1,0,0,0,0,0,0,0,0,0,0,0,0,0,0,0,0,0,0,0,0,0,0,0,0,0,0,0,0,0,0,0,0,0,0,0,0,0,0,0,0,0,0,0,0,0,0,0
1224368263,Çanakkale,Merkez,Cevat Paşa Mh.,Satılık,9750000.0,6-10 arası,3,Kombi (Doğalgaz),Kombi Dogalgaz,Kapalı,135.0,125.0,4.0,8.0,3.0,3.0,5.0,5.0,5.0,2.0,0.0,1.0,1.0,1.0,0.0,ilan_1224368263,1,0,0,0,0,0,0,0,0,0,0,0,0,0,0,0,0,0,0,0,0,0,0,0,0,0,0,0,0,0,0,0,0,0,0,0,0,0,0,0,0,0,0,0,0,0,0,0,0,0,0,0,0,0,0,0,0,0,0,0,0,0,0,0,0,0,0,0,0,0,0,0,0,0,0,0,0,0,0,0,0,0,0,0,0,0,0,0,0,0,0,0,0,0,0,0,0,0,0,0,0,0,0,0,0,0,0,0,0,0,0,0,0,0,0,0,0,0,0,0,0,0,0,0,0,0,0,0,0,0,0,0,0,0,0,0,0,0,0,0,0,0,0,0,0,0,0,0,0,0,0,0
1296537108,Çanakkale,Merkez,Kepez Bld.,Satılık,7900000.0,6-10 arası,Bahçe Katı,Kombi (Doğalgaz),Kombi Dogalgaz,Kapalı,120.0,105.0,3.0,8.0,3.0,0.0,4.0,6.0,5.0,1.0,0.0,1.0,1.0,1.0,0.0,ilan_1296537108,0,0,0,1,0,0,0,0,0,0,0,0,0,0,0,0,0,0,0,0,0,0,0,0,0,0,0,0,0,0,0,0,0,0,0,0,0,0,0,0,0,0,0,0,0,0,0,0,0,0,0,0,0,0,0,0,0,0,0,0,0,0,0,0,0,0,0,0,0,0,0,0,0,0,0,0,0,0,0,0,0,0,0,0,0,0,0,0,0,0,0,0,0,0,0,0,0,0,0,0,0,0,0,0,0,0,0,0,0,0,0,0,0,0,0,0,0,0,0,0,0,0,0,0,0,0,0,0,0,0,0,0,0,0,0,0,0,0,0,0,0,0,0,0,0,0,0,0,0,0,0,0
1300244761,Çanakkale,Merkez,Kepez Bld.,Satılık,18500000.0,6-10 arası,3,Merkezi (Pay Ölçer),Merkezi,Kapalı,150.0,135.0,4.0,8.0,3.0,3.0,5.0,5.0,5.0,2.0,0.0,1.0,1.0,1.0,0.0,ilan_1300244761,1,0,1,0,1,0,0,0,1,0,0,1,1,0,1,1,1,0,0,0,0,1,1,0,1,1,1,1,1,1,1,1,1,0,1,1,1,0,1,0,0,1,0,1,0,1,1,1,1,1,0,0,0,0,0,0,0,1,1,1,1,1,1,1,1,1,1,0,0,0,1,1,0,1,1,0,1,0,1,0,1,1,1,0,0,1,1,1,0,1,0,1,1,0,1,1,1,1,1,1,1,1,1,1,1,0,1,1,0,1,1,1,1,0,0,0,1,1,1,1,0,0,1,1,1,0,1,0,1,1,0,0,1,0,0,0,0,0,0,0,0,0,0,0,0,0,0,0,0,0,0,0
1306382128,Çanakkale,Merkez,Karacaören Köyü,Satılık,8100000.0,0 (Oturuma Hazır),5,Merkezi (Pay Ölçer),Merkezi,Kapalı,150.0,130.0,4.0,0.0,0.0,5.0,5.0,8.0,5.0,2.0,0.0,1.0,1.0,1.0,0.0,ilan_1306382128,0,0,0,0,0,0,0,0,0,0,0,0,0,0,0,0,0,0,0,0,0,0,0,0,0,0,0,0,0,0,0,0,0,0,0,0,0,0,0,0,0,0,0,0,0,0,0,0,0,0,0,0,0,0,0,0,0,0,0,0,0,0,0,0,0,0,0,0,0,0,0,0,0,0,0,0,0,0,0,0,0,0,0,0,0,0,0,0,0,0,0,0,0,0,0,0,0,0,0,0,0,0,0,0,0,0,0,0,0,0,0,0,0,0,0,0,0,0,0,0,0,0,0,0,0,0,0,0,0,0,0,0,0,0,0,0,0,0,0,0,0,0,0,0,0,0,0,0,0,0,0,0
1233684062,Çanakkale,Merkez,Kepez Bld.,Satılık,9100000.0,4,1,Kombi (Doğalgaz),Kombi Dogalgaz,Kapalı,130.0,124.0,4.0,4.0,4.0,1.0,5.0,5.0,5.0,2.0,0.0,1.0,1.0,1.0,0.0,ilan_1233684062,0,0,0,1,1,1,0,0,1,0,0,1,1,0,0,0,0,0,0,0,0,1,1,0,1,0,1,0,0,1,0,0,1,0,0,0,1,0,1,0,0,1,0,1,0,0,1,1,1,1,0,0,0,0,1,0,1,1,1,0,1,0,1,1,1,1,1,0,0,0,1,1,0,1,1,0,1,1,1,0,1,1,1,0,0,1,0,0,0,1,0,1,0,0,1,1,1,1,1,1,1,1,1,1,1,0,0,1,0,1,1,1,1,0,0,0,0,1,1,1,0,0,0,0,0,0,1,0,1,0,0,0,1,0,0,0,0,0,0,0,0,0,0,0,0,0,0,0,0,0,0,0
1297284432,Çanakkale,Merkez,Esenler Mah.,Satılık,8600000.0,4,3,Merkezi (Pay Ölçer),Merkezi,Kapalı,155.0,120.0,4.0,4.0,4.0,3.0,5.0,5.0,5.0,2.0,0.0,1.0,1.0,1.0,0.0,ilan_1297284432,1,0,1,0,0,0,0,0,0,0,0,1,1,0,0,0,0,0,0,0,0,1,1,0,1,0,1,0,0,1,0,0,0,0,0,1,0,0,1,0,0,1,0,0,0,1,1,1,1,0,0,0,0,0,1,0,0,0,0,0,1,0,0,1,0,0,1,0,0,0,0,0,0,1,0,0,1,0,0,0,0,0,0,0,0,0,0,0,0,0,0,1,0,0,1,1,1,0,0,1,1,0,0,0,0,0,0,1,0,0,0,0,0,0,0,0,0,1,0,0,0,0,0,0,1,0,0,0,0,1,0,0,1,0,0,0,0,0,0,1,1,0,0,0,1,1,1,0,0,0,0,0
1302012422,Çanakkale,Merkez,İsmetpaşa Mh.,Satılık,7750000.0,6-10 arası,4,Merkezi (Pay Ölçer),Merkezi,Kapalı,166.0,145.0,4.0,8.0,3.0,4.0,5.0,6.0,5.0,2.0,0.0,1.0,1.0,1.0,0.0,ilan_1302012422,0,0,1,0,0,0,0,0,0,0,0,0,1,0,0,0,0,0,0,0,1,1,1,1,1,0,1,1,1,1,0,0,0,0,1,0,0,0,1,0,0,1,0,0,0,0,1,1,0,1,0,0,0,0,1,0,0,0,1,0,0,0,1,1,0,0,1,0,0,0,0,1,0,1,1,0,1,1,0,0,0,0,0,0,0,0,0,0,0,0,0,0,0,0,0,1,1,0,0,0,0,0,0,0,1,0,0,1,0,0,0,0,0,0,0,0,0,1,0,0,0,0,0,0,1,0,0,1,1,0,0,0,1,0,0,0,0,0,0,1,1,0,0,0,0,1,1,0,0,1,0,0
1299652148,Çanakkale,Merkez,Barbaros Mah.,Satılık,7890000.0,11-15 arası,3,Kombi (Doğalgaz),Kombi Dogalgaz,Kapalı,250.0,170.0,5.0,13.0,2.0,3.0,5.0,3.0,5.0,2.0,0.0,1.0,1.0,1.0,1.0,ilan_1299652148,1,1,0,0,0,0,0,0,0,0,0,1,1,1,0,1,0,0,0,0,0,1,1,0,0,1,1,0,0,1,1,0,1,1,1,0,0,0,1,0,0,1,1,1,0,1,1,0,1,1,0,0,1,0,0,0,0,0,0,0,0,0,0,1,0,0,1,0,0,0,0,1,0,0,0,0,0,0,0,0,1,1,1,0,0,1,1,0,0,1,0,1,1,0,1,1,1,0,1,1,1,1,1,1,1,0,0,1,0,1,0,1,1,0,0,0,1,1,1,0,0,0,0,0,1,0,0,0,0,1,1,0,0,0,0,0,0,0,0,1,1,0,0,0,1,1,1,1,1,0,0,0
1286982620,Çanakkale,Merkez,Cevat Paşa Mh.,Satılık,10250000.0,3,7,Merkezi (Pay Ölçer),Merkezi,Kapalı,160.0,135.0,4.0,3.0,4.0,7.0,4.0,8.0,5.0,2.0,0.0,1.0,1.0,1.0,0.0,ilan_1286982620,0,1,1,0,0,0,0,0,0,0,0,0,0,0,0,0,0,0,0,0,0,0,0,0,0,0,0,0,0,0,0,0,0,0,0,0,0,0,0,0,0,0,0,0,0,0,0,0,0,0,0,0,0,0,0,0,0,0,0,0,0,0,0,0,0,0,0,0,0,0,0,0,0,0,0,0,0,0,0,0,0,0,0,0,0,0,0,0,0,0,0,0,0,0,0,0,0,0,0,0,0,0,0,0,0,0,0,0,0,0,0,0,0,0,0,0,0,0,0,0,0,0,0,0,0,0,0,0,0,0,0,0,0,0,0,0,0,0,0,0,0,0,0,0,0,0,0,0,0,0,0,0
1274071850,Çanakkale,Merkez,Cevat Paşa Mh.,Satılık,8500000.0,31 ve üzeri,Yüksek Giriş,Kombi (Doğalgaz),Kombi Dogalgaz,Açık (Amerikan),120.0,100.0,4.0,30.0,1.0,0.0,4.0,5.0,5.0,1.0,1.0,1.0,0.0,1.0,0.0,ilan_1274071850,1,0,0,0,0,0,0,0,0,0,0,0,0,0,0,0,0,0,0,0,0,0,0,0,0,0,0,0,0,0,0,0,0,0,0,0,0,0,0,0,0,0,0,0,0,0,0,0,0,0,0,0,0,0,0,0,0,0,0,0,0,0,0,0,0,0,0,0,0,0,0,0,0,0,0,0,0,0,0,0,0,0,0,0,0,0,0,0,0,0,0,0,0,0,0,0,0,0,0,0,0,0,0,0,0,0,0,0,0,0,0,0,0,0,0,0,0,0,0,0,0,0,0,0,0,0,0,0,0,0,0,0,0,0,0,0,0,0,0,0,0,0,0,0,0,0,0,0,0,0,0,0
1281956166,Çanakkale,Merkez,Barbaros Mah.,Satılık,8500000.0,6-10 arası,3,Kombi (Doğalgaz),Kombi Dogalgaz,Kapalı,260.0,223.0,6.0,8.0,3.0,3.0,5.0,3.0,5.0,2.0,0.0,1.0,1.0,0.0,0.0,ilan_1281956166,0,1,1,0,0,1,0,0,0,0,0,0,0,0,0,0,0,0,0,0,0,1,1,0,0,0,1,0,0,0,0,0,1,0,0,1,0,0,0,0,0,0,0,1,0,1,0,0,0,0,0,0,1,0,0,0,0,0,0,0,0,0,0,0,0,0,0,0,0,0,0,0,0,0,0,0,0,0,0,0,0,0,0,0,0,0,0,0,0,0,0,0,0,0,0,0,0,0,0,0,0,0,0,0,0,0,0,0,0,0,0,0,0,0,0,0,0,0,0,0,0,0,0,0,0,0,0,0,0,0,0,0,0,0,0,0,0,0,0,0,0,0,0,0,0,0,0,0,0,0,0,0
1298163753,Çanakkale,Merkez,Kepez Bld.,Satılık,10650000.0,6-10 arası,Bahçe Katı,Kombi (Doğalgaz),Kombi Dogalgaz,Açık (Amerikan),110.0,85.0,3.0,8.0,3.0,0.0,4.0,2.0,5.0,1.0,1.0,1.0,0.0,1.0,0.0,ilan_1298163753,1,1,1,1,1,0,1,1,1,0,1,0,1,0,0,0,0,0,0,0,1,1,1,0,0,0,1,0,1,1,0,1,1,0,1,1,1,0,1,0,0,0,1,0,1,0,0,1,0,0,0,0,1,0,1,0,1,1,0,0,1,0,1,1,1,1,1,0,1,0,0,1,1,1,1,1,1,1,1,1,1,1,1,0,1,1,0,0,0,1,0,1,0,0,1,1,1,1,1,1,1,1,1,1,0,0,1,1,0,0,0,1,1,0,0,0,1,1,1,0,0,0,1,1,1,0,1,0,1,1,0,0,0,0,0,0,0,0,0,1,0,1,1,1,1,1,1,1,1,1,1,1
1303913718,Çanakkale,Merkez,Esenler Mah.,Satılık,9750000.0,5,1,Kombi (Doğalgaz),Kombi Dogalgaz,Kapalı,146.0,128.0,4.0,5.0,4.0,1.0,5.0,5.0,5.0,2.0,0.0,1.0,1.0,1.0,0.0,ilan_1303913718,0,0,0,0,1,0,0,0,0,0,0,0,1,0,1,0,1,0,0,0,0,0,0,0,0,1,0,0,1,0,0,0,1,1,0,0,1,1,0,0,0,1,0,0,0,1,1,0,0,0,0,0,0,0,0,0,0,0,1,0,1,0,0,0,0,0,1,0,0,0,0,1,0,0,0,0,1,0,1,0,0,0,0,0,0,0,0,0,0,0,0,0,0,0,0,0,0,0,0,0,0,0,0,0,0,0,0,0,0,0,0,0,0,0,0,0,0,0,0,0,0,0,0,0,0,0,0,0,0,0,0,0,0,0,0,0,0,0,0,0,0,0,0,0,0,0,0,0,0,0,0,0
1300041331,Çanakkale,Merkez,Barbaros Mah.,Satılık,19900000.0,11-15 arası,Müstakil,Kombi (Doğalgaz),Kombi Dogalgaz,Kapalı,280.0,250.0,6.0,13.0,2.0,1.0,5.0,3.0,5.0,4.0,0.0,1.0,0.0,1.0,1.0,ilan_1300041331,0,1,1,0,0,1,0,0,0,1,0,1,1,1,0,1,0,0,0,0,0,1,0,0,0,0,0,0,0,0,0,0,0,1,0,0,0,0,0,0,0,0,0,0,0,0,0,1,0,1,0,0,1,0,0,0,0,0,0,0,0,0,0,0,0,0,0,0,0,0,0,0,0,0,0,0,0,0,0,0,0,0,1,0,0,1,0,0,0,1,0,0,0,0,0,1,0,0,0,0,0,0,0,1,0,0,0,0,0,0,0,0,0,0,0,0,0,0,0,0,0,0,1,1,0,0,0,0,0,0,0,0,0,0,0,0,1,0,0,1,0,0,0,0,0,0,1,0,0,0,0,0
1302057273,Çanakkale,Merkez,Kepez Bld.,Satılık,8100000.0,6-10 arası,2,Merkezi (Pay Ölçer),Merkezi,Kapalı,140.0,135.0,4.0,8.0,3.0,2.0,5.0,3.0,5.0,2.0,0.0,1.0,1.0,0.0,0.0,ilan_1302057273,1,0,1,1,0,0,0,0,0,0,0,0,0,0,0,0,0,0,0,0,0,0,0,0,0,0,0,0,0,0,0,0,0,0,0,0,0,0,0,0,0,0,0,0,0,0,0,0,0,0,0,0,0,0,0,0,0,0,0,0,0,0,0,0,0,0,0,0,0,0,0,0,0,0,0,0,0,0,0,0,0,0,0,0,0,0,0,0,0,0,0,0,0,0,0,0,0,0,0,0,0,0,0,0,0,0,0,0,0,0,0,0,0,0,0,0,0,0,0,0,0,0,0,0,0,0,0,0,0,0,0,0,0,0,0,0,0,0,0,0,0,0,0,0,0,0,0,0,0,0,0,0
1291829826,Çanakkale,Merkez,Cevat Paşa Mh.,Satılık,7025000.0,31 ve üzeri,4,Merkezi (Pay Ölçer),Merkezi,Kapalı,121.0,111.0,4.0,30.0,1.0,4.0,5.0,5.0,5.0,1.0,0.0,1.0,1.0,0.0,0.0,ilan_1291829826,0,0,0,0,0,0,0,0,0,0,0,1,1,0,0,1,0,0,0,0,0,1,1,0,0,0,1,0,1,1,0,0,1,0,1,0,1,1,1,0,0,1,0,1,1,1,1,1,0,1,1,0,0,0,1,0,0,0,0,0,0,0,0,0,0,0,0,0,0,0,0,0,0,0,0,0,0,0,0,0,1,1,1,0,0,1,1,0,0,1,0,1,0,0,0,1,1,1,0,0,1,0,1,1,1,0,0,1,0,1,0,0,1,0,0,0,1,1,1,0,0,0,0,1,0,0,0,0,1,1,0,0,1,0,0,0,0,0,0,0,0,0,0,0,0,0,0,0,0,0,0,0
1297003791,Çanakkale,Merkez,Kepez Bld.,Satılık,15000000.0,6-10 arası,4,Merkezi (Pay Ölçer),Merkezi,Kapalı,147.0,127.0,9.0,8.0,3.0,4.0,5.0,5.0,5.0,2.0,0.0,1.0,1.0,1.0,0.0,ilan_1297003791,0,0,1,0,1,1,0,0,1,0,1,1,1,0,0,1,0,0,0,0,0,1,1,1,1,1,1,1,1,1,1,1,1,0,1,1,1,0,1,0,0,1,0,1,0,1,0,0,1,0,0,0,0,0,1,0,0,0,0,0,0,0,0,0,0,0,0,0,0,0,0,0,0,0,0,0,0,0,0,0,1,0,0,0,0,0,0,0,0,1,0,1,0,0,1,1,1,0,0,1,0,1,1,1,0,0,0,1,0,0,0,1,1,0,0,0,0,1,1,0,0,0,1,1,0,0,1,0,1,1,0,0,1,0,0,0,0,0,0,1,0,0,0,0,1,0,0,1,1,0,0,1
1293152277,Çanakkale,Merkez,Barbaros Mah.,Satılık,10000000.0,11-15 arası,Çatı Katı,Kombi (Doğalgaz),Kombi Dogalgaz,Kapalı,160.0,140.0,5.0,13.0,2.0,99.0,2.0,2.0,5.0,2.0,0.0,1.0,0.0,0.0,0.0,ilan_1293152277,1,0,1,0,0,0,0,0,0,0,0,1,1,0,0,1,0,0,0,0,0,1,1,0,1,1,1,1,0,0,0,0,0,0,1,1,0,0,1,0,0,1,0,1,0,1,0,1,1,1,0,0,1,0,1,0,0,0,0,0,0,0,0,1,0,0,0,0,0,0,0,0,0,0,0,0,1,0,0,0,0,1,1,0,1,1,0,0,0,0,0,1,0,0,1,1,1,1,0,1,1,0,1,0,0,0,0,0,0,0,0,0,0,0,0,0,0,1,0,0,0,0,0,1,0,0,0,0,0,1,1,0,0,0,0,1,0,0,0,0,0,0,0,0,0,0,1,0,0,0,0,0
1249770500,Çanakkale,Merkez,Karacaören Köyü,Satılık,8100000.0,0 (Oturuma Hazır),4,Merkezi (Pay Ölçer),Merkezi,Kapalı,150.0,130.0,4.0,0.0,0.0,4.0,5.0,8.0,5.0,2.0,0.0,1.0,1.0,1.0,0.0,ilan_1249770500,1,1,1,1,0,0,0,0,0,0,0,0,0,0,0,0,0,0,0,0,0,0,0,0,0,0,0,0,0,0,0,0,0,0,0,0,0,0,0,0,0,0,0,0,0,0,0,0,0,0,0,0,0,0,0,0,0,0,0,0,0,0,0,0,0,0,0,0,0,0,0,0,0,0,0,0,0,0,0,0,0,0,0,0,0,0,0,0,0,0,0,0,0,0,0,0,0,0,0,0,0,0,0,0,0,0,0,0,0,0,0,0,0,0,0,0,0,0,0,0,0,0,0,0,0,0,0,0,0,0,0,0,0,0,0,0,0,0,0,0,0,0,0,0,0,0,0,0,0,0,0,0
1304253963,Çanakkale,Merkez,İsmetpaşa Mh.,Satılık,7250000.0,6-10 arası,6,Merkezi (Pay Ölçer),Merkezi,Kapalı,168.0,155.0,4.0,8.0,3.0,6.0,4.0,7.0,5.0,2.0,0.0,1.0,1.0,1.0,0.0,ilan_1304253963,1,0,1,0,0,0,0,0,0,0,0,0,0,0,0,0,0,0,0,0,0,1,1,1,1,0,1,1,0,0,0,0,0,0,0,0,0,0,1,0,0,1,0,0,0,0,1,0,0,1,1,0,0,0,1,0,0,0,1,0,0,0,0,0,0,0,1,0,0,0,0,0,0,0,0,0,0,1,0,0,0,0,1,0,0,1,0,0,0,0,0,0,0,0,0,1,1,0,0,1,0,1,0,0,0,0,0,0,0,0,0,0,0,0,0,0,0,1,0,0,0,0,0,0,1,0,0,0,0,1,0,0,1,0,0,0,0,0,0,0,0,0,0,0,0,0,0,0,0,0,0,0
1295034620,Çanakkale,Merkez,Kepez Bld.,Satılık,7000000.0,0 (Oturuma Hazır),2,Kombi (Doğalgaz),Kombi Dogalgaz,Açık (Amerikan),85.0,75.0,3.0,0.0,0.0,2.0,5.0,3.0,5.0,1.0,1.0,1.0,1.0,1.0,0.0,ilan_1295034620,0,0,0,0,0,0,0,0,0,0,0,0,0,0,0,0,0,0,0,0,0,0,0,0,0,0,0,0,0,0,0,0,0,0,0,0,0,0,0,0,0,0,0,0,0,0,0,0,0,0,0,0,0,0,0,0,0,0,0,0,0,0,0,0,0,0,0,0,0,0,0,0,0,0,0,0,0,0,0,0,0,0,0,0,0,0,0,0,0,0,0,0,0,0,0,0,0,0,0,0,0,0,0,0,0,0,0,0,0,0,0,0,0,0,0,0,0,0,0,0,0,0,0,0,0,0,0,0,0,0,0,0,0,0,0,0,0,0,0,0,0,0,0,0,0,0,0,0,0,0,0,0
1226793174,Çanakkale,Merkez,Barbaros Mah.,Satılık,8150000.0,6-10 arası,3,Kombi (Doğalgaz),Kombi Dogalgaz,Açık (Amerikan),150.0,140.0,6.0,8.0,3.0,3.0,5.0,3.0,5.0,2.0,1.0,1.0,1.0,1.0,0.0,ilan_1226793174,0,0,0,0,0,0,0,0,0,0,0,0,0,0,0,0,0,0,0,0,0,0,0,0,0,0,0,0,0,0,0,0,0,0,0,0,0,0,0,0,0,0,0,0,0,0,0,0,0,0,0,0,0,0,0,0,0,0,0,0,0,0,0,0,0,0,0,0,0,0,0,0,0,0,0,0,0,0,0,0,0,0,0,0,0,0,0,0,0,0,0,0,0,0,0,0,0,0,0,0,0,0,0,0,0,0,0,0,0,0,0,0,0,0,0,0,0,0,0,0,0,0,0,0,0,0,0,0,0,0,0,0,0,0,0,0,0,0,0,0,0,0,0,0,0,0,0,0,0,0,0,0
1181152943,Çanakkale,Merkez,Barbaros Mah.,Satılık,11000000.0,6-10 arası,1,Kombi (Doğalgaz),Kombi Dogalgaz,Kapalı,120.0,95.0,3.0,8.0,3.0,1.0,5.0,4.0,5.0,1.0,0.0,1.0,1.0,1.0,0.0,ilan_1181152943,1,1,0,0,0,0,0,0,0,0,0,0,0,0,0,0,0,0,0,0,0,1,1,0,0,0,0,0,0,0,0,0,1,0,0,0,1,0,0,0,0,0,0,1,0,1,1,0,0,0,0,0,0,0,0,0,0,0,0,0,0,0,0,0,0,0,0,0,0,0,0,0,0,0,0,0,0,0,0,0,1,1,1,0,0,1,1,0,0,1,1,1,0,1,1,1,1,1,0,1,1,0,1,0,1,0,0,1,0,1,0,0,0,0,0,0,0,1,1,0,0,0,1,1,0,0,0,0,0,1,0,0,1,0,0,0,0,0,0,1,1,1,1,1,1,1,1,1,1,1,1,0
1303489688,Çanakkale,Merkez,Karacaören Köyü,Satılık,9850000.0,3,7,Merkezi (Pay Ölçer),Merkezi,Kapalı,160.0,135.0,4.0,3.0,4.0,7.0,4.0,7.0,5.0,2.0,0.0,1.0,1.0,1.0,0.0,ilan_1303489688,0,0,0,0,0,0,0,0,0,0,0,0,0,0,0,0,0,0,0,0,0,0,0,0,0,0,0,0,0,0,0,0,0,0,0,0,0,0,0,0,0,0,0,0,0,0,0,0,0,0,0,0,0,0,0,0,0,0,0,0,0,0,0,0,0,0,0,0,0,0,0,0,0,0,0,0,0,0,0,0,0,0,0,0,0,0,0,0,0,0,0,0,0,0,0,0,0,0,0,0,0,0,0,0,0,0,0,0,0,0,0,0,0,0,0,0,0,0,0,0,0,0,0,0,0,0,0,0,0,0,0,0,0,0,0,0,0,0,0,0,0,0,0,0,0,0,0,0,0,0,0,0
1296345541,Çanakkale,Merkez,Kepez Bld.,Satılık,7900000.0,11-15 arası,3,Yerden Isıtma,Yerden Isitma,Açık (Amerikan),85.0,75.0,3.0,13.0,2.0,3.0,5.0,5.0,5.0,1.0,1.0,1.0,1.0,1.0,0.0,ilan_1296345541,0,0,0,1,0,0,1,0,1,0,0,0,1,0,0,0,0,0,0,0,0,1,1,0,0,0,1,0,0,1,1,0,1,0,0,0,1,0,0,0,0,1,0,0,0,1,0,0,0,1,0,0,0,0,1,0,1,0,1,0,1,0,0,1,1,0,1,0,0,0,1,1,0,1,1,0,0,0,0,1,1,0,1,0,0,0,0,0,0,1,0,1,0,0,0,1,0,0,0,0,1,0,1,1,0,0,0,1,0,0,0,0,0,0,0,0,0,0,0,0,0,0,0,1,0,0,0,0,0,0,0,0,1,0,0,0,0,0,0,0,1,0,0,0,0,1,0,0,0,0,0,0
1306354653,Çanakkale,Merkez,Karacaören Köyü,Satılık,8500000.0,0 (Yapım Aşamasında),Giriş Katı,Yerden Isıtma,Yerden Isitma,Kapalı,145.0,125.0,4.0,0.0,0.0,0.0,3.0,7.0,5.0,2.0,0.0,1.0,1.0,1.0,0.0,ilan_1306354653,0,0,0,0,0,0,0,0,0,0,0,0,0,0,0,0,0,0,0,0,0,0,0,0,0,0,0,0,0,0,0,0,0,0,0,0,0,0,0,0,0,0,0,0,0,0,0,0,0,0,0,0,0,0,0,0,0,0,0,0,0,0,0,0,0,0,0,0,0,0,0,0,0,0,0,0,0,0,0,0,0,0,0,0,0,0,0,0,0,0,0,0,0,0,0,0,0,0,0,0,0,0,0,0,0,0,0,0,0,0,0,0,0,0,0,0,0,0,0,0,0,0,0,0,0,0,0,0,0,0,0,0,0,0,0,0,0,0,0,0,0,0,0,0,0,0,0,0,0,0,0,0
1304703370,Çanakkale,Merkez,Barbaros Mah.,Satılık,11500000.0,16-20 arası,4,Kombi (Doğalgaz),Kombi Dogalgaz,Kapalı,173.0,147.0,10.0,16.0,2.0,4.0,5.0,4.0,5.0,2.0,0.0,1.0,1.0,1.0,0.0,ilan_1304703370,1,1,1,0,0,0,0,0,0,0,0,1,0,0,0,0,0,0,0,0,0,1,1,0,0,0,1,0,0,0,0,0,0,0,0,0,0,0,1,0,0,1,1,1,0,0,1,0,0,0,0,0,0,0,0,0,0,0,0,0,1,0,0,1,0,0,0,0,0,0,0,0,0,0,0,0,0,0,0,0,1,0,0,0,0,0,0,0,0,0,0,0,0,0,0,0,0,0,0,0,0,0,0,0,0,0,0,0,0,0,0,1,0,0,0,0,0,1,0,0,0,0,0,0,0,0,0,0,1,0,1,0,0,0,0,0,0,0,0,0,0,0,0,0,0,0,0,0,0,0,0,0
1302783898,Çanakkale,Merkez,Kepez Bld.,Satılık,9600000.0,6-10 arası,2,Kombi (Doğalgaz),Kombi Dogalgaz,Kapalı,150.0,140.0,4.0,8.0,3.0,2.0,5.0,5.0,5.0,2.0,0.0,1.0,1.0,1.0,0.0,ilan_1302783898,1,1,1,0,0,0,0,0,0,0,0,0,0,0,0,0,0,0,0,0,0,0,0,0,0,0,0,0,0,0,0,0,0,0,0,0,0,0,0,0,0,0,0,0,0,0,0,0,0,0,0,0,0,0,0,0,0,0,0,0,0,0,0,0,0,0,0,0,0,0,0,0,0,0,0,0,0,0,0,0,0,0,0,0,0,0,0,0,0,0,0,0,0,0,0,0,0,0,0,0,0,0,0,0,0,0,0,0,0,0,0,0,0,0,0,0,0,0,0,0,0,0,0,0,0,0,0,0,0,0,0,0,0,0,0,0,0,0,0,0,0,0,0,0,0,0,0,0,0,0,0,0
1297939962,Çanakkale,Merkez,Cevat Paşa Mh.,Satılık,11000000.0,26-30 arası,1,Kombi (Doğalgaz),Kombi Dogalgaz,Kapalı,150.0,135.0,4.0,30.0,1.0,1.0,5.0,4.0,5.0,1.0,0.0,1.0,0.0,0.0,0.0,ilan_1297939962,1,0,1,1,1,1,0,0,0,0,0,0,1,0,0,0,0,0,0,0,0,1,1,0,0,0,1,0,1,0,0,0,0,0,0,0,0,0,0,0,0,1,0,0,0,1,0,0,0,0,0,0,0,0,0,0,0,0,0,0,0,0,0,0,0,0,0,0,0,0,0,0,0,0,0,0,0,0,0,0,0,0,1,0,0,1,0,0,0,1,0,1,0,0,0,1,1,1,1,1,0,1,1,1,0,0,0,0,0,0,0,0,0,0,0,0,0,0,0,0,0,0,0,0,0,0,0,0,0,0,0,0,1,0,0,0,0,0,0,0,0,0,0,0,0,0,0,0,0,0,0,0
1303583687,Çanakkale,Merkez,Karacaören Köyü,Satılık,9100000.0,0 (Oturuma Hazır),2,Merkezi (Pay Ölçer),Merkezi,Kapalı,119.0,92.0,4.0,0.0,0.0,2.0,5.0,7.0,5.0,2.0,0.0,1.0,1.0,1.0,0.0,ilan_1303583687,0,0,1,0,0,0,0,0,0,0,0,0,0,0,0,0,0,0,0,0,0,0,0,0,0,0,0,0,0,0,0,0,0,0,0,0,0,0,0,0,0,0,0,0,0,0,0,0,0,0,0,0,0,0,0,0,0,0,0,0,0,0,0,0,0,0,0,0,0,0,0,0,0,0,0,0,0,0,0,0,0,0,0,0,0,0,0,0,0,0,0,0,0,0,0,0,0,0,0,0,0,0,0,0,0,0,0,0,0,0,0,0,0,0,0,0,0,0,0,0,0,0,0,0,0,0,0,0,0,0,0,0,0,0,0,0,0,0,0,0,0,0,0,0,0,0,0,0,0,0,0,0
1287582637,Çanakkale,Merkez,Cevat Paşa Mh.,Satılık,9000000.0,26-30 arası,5,Kombi (Doğalgaz),Kombi Dogalgaz,Açık (Amerikan),220.0,157.0,5.0,30.0,1.0,5.0,5.0,5.0,5.0,2.0,1.0,1.0,1.0,1.0,0.0,ilan_1287582637,1,0,0,0,1,1,0,0,0,0,0,1,0,0,0,1,0,0,0,0,1,1,1,0,1,0,0,1,1,0,1,0,1,0,1,1,0,0,1,0,1,1,0,1,0,1,1,1,0,1,0,0,1,0,1,0,0,0,0,0,1,0,0,1,0,0,0,0,0,0,0,0,0,0,0,0,1,1,0,0,1,1,1,0,0,1,1,0,0,1,0,1,1,0,1,1,1,0,1,1,1,1,1,1,1,0,0,1,0,0,0,1,1,0,0,0,0,1,1,0,0,0,1,1,1,0,0,0,1,1,1,1,0,0,0,1,0,0,0,0,0,0,0,0,0,0,0,0,0,0,0,0
1305568946,Çanakkale,Merkez,Barbaros Mah.,Satılık,7200000.0,11-15 arası,1,Kombi (Doğalgaz),Kombi Dogalgaz,Kapalı,130.0,120.0,4.0,13.0,2.0,1.0,5.0,4.0,5.0,1.0,0.0,1.0,1.0,1.0,0.0,ilan_1305568946,0,1,0,1,0,0,0,0,0,0,0,0,0,0,0,0,0,0,0,0,0,0,0,0,0,0,0,0,0,0,0,0,0,0,0,0,0,0,0,0,0,0,0,0,0,0,0,0,0,0,0,0,0,0,0,0,0,0,0,0,0,0,0,0,0,0,0,0,0,0,0,0,0,0,0,0,0,0,0,0,1,1,0,0,0,1,1,0,0,1,0,1,0,0,1,1,1,1,1,1,1,1,0,1,1,0,0,1,0,0,0,1,0,0,0,0,0,0,0,0,0,0,0,0,0,0,0,0,1,1,0,0,0,0,0,0,0,0,0,1,0,0,0,0,0,1,0,0,0,0,0,0
1301441757,Çanakkale,Merkez,Esenler Mah.,Satılık,8500000.0,5,4,Kombi (Doğalgaz),Kombi Dogalgaz,Açık (Amerikan),205.0,180.0,5.0,5.0,4.0,4.0,5.0,4.0,5.0,2.0,1.0,1.0,1.0,0.0,0.0,ilan_1301441757,1,1,1,0,0,0,0,0,0,1,0,1,0,0,0,0,0,0,0,0,0,1,0,0,0,0,1,0,0,0,0,0,0,0,0,0,0,0,0,0,0,1,0,0,0,1,0,0,0,0,0,0,1,0,1,0,0,0,0,0,1,0,0,1,0,0,0,1,0,0,0,0,0,0,0,0,0,0,0,0,0,0,0,0,0,0,0,0,0,0,0,0,0,0,0,0,0,0,0,0,0,0,1,0,0,0,0,0,0,0,0,0,0,0,0,0,0,0,0,0,0,0,0,0,0,0,0,0,1,0,1,1,0,0,0,0,0,0,0,0,0,0,0,0,0,1,0,0,0,0,0,0
1297271102,Çanakkale,Merkez,Barbaros Mah.,Satılık,11500000.0,11-15 arası,5,Kombi (Doğalgaz),Kombi Dogalgaz,Kapalı,250.0,200.0,6.0,13.0,2.0,5.0,5.0,5.0,5.0,3.0,0.0,1.0,1.0,1.0,0.0,ilan_1297271102,1,1,1,1,0,1,1,0,1,0,0,1,1,0,0,1,0,0,0,0,0,1,1,0,1,1,0,0,0,1,0,0,1,0,0,0,1,0,1,0,0,1,0,0,0,0,0,0,0,0,0,0,1,0,0,0,0,1,1,0,1,0,0,1,0,0,1,0,0,0,0,1,0,0,0,0,0,0,0,0,1,0,0,0,0,0,1,0,0,0,0,1,0,0,1,0,1,0,1,1,1,1,1,1,1,0,0,0,0,0,0,0,0,0,0,0,0,1,0,0,0,0,0,1,1,0,0,0,1,1,1,0,0,0,0,0,0,0,0,1,1,0,0,1,1,1,0,0,0,0,0,0
1296726598,Çanakkale,Merkez,Barbaros Mah.,Satılık,9000000.0,11-15 arası,2,Kombi (Doğalgaz),Kombi Dogalgaz,Kapalı,197.0,181.0,7.0,13.0,2.0,2.0,5.0,2.0,5.0,2.0,0.0,1.0,0.0,1.0,0.0,ilan_1296726598,1,0,0,0,0,0,0,0,0,1,0,0,0,0,0,0,0,0,0,0,0,1,1,0,0,0,0,0,0,0,0,0,0,0,0,0,0,0,1,0,0,0,0,0,0,0,0,0,0,0,0,0,1,0,0,0,0,0,0,0,0,0,0,0,0,0,0,0,0,0,0,0,0,0,0,0,0,0,0,0,1,0,1,0,0,1,0,0,0,0,0,1,0,0,1,1,1,0,0,0,1,1,1,0,1,0,0,0,0,0,0,0,0,0,0,0,0,1,0,0,0,0,0,0,0,0,0,0,0,0,1,0,0,0,0,0,0,0,0,0,0,0,0,0,0,0,0,0,0,0,0,0
1298963208,Çanakkale,Merkez,Karacaören Köyü,Satılık,8150000.0,0 (Oturuma Hazır),1,Yerden Isıtma,Yerden Isitma,Kapalı,125.0,110.0,4.0,0.0,0.0,1.0,5.0,8.0,5.0,2.0,0.0,1.0,1.0,1.0,0.0,ilan_1298963208,1,0,1,0,0,0,0,0,1,0,1,1,1,0,0,1,0,0,0,0,0,1,1,0,1,1,1,0,0,1,0,1,1,0,1,0,0,0,1,0,0,1,0,1,0,0,1,1,1,1,0,0,0,0,1,0,0,0,0,0,1,0,1,1,0,0,1,0,0,0,0,1,0,0,1,0,1,1,1,0,1,1,1,0,0,1,1,0,0,1,0,1,1,0,1,1,1,0,1,1,1,1,1,1,1,0,0,1,0,0,0,1,1,0,0,0,0,1,0,0,0,0,0,0,1,0,1,0,1,1,0,0,1,0,0,0,0,0,0,1,1,0,0,0,1,0,1,1,1,1,1,1
1266776414,Çanakkale,Merkez,Cevat Paşa Mh.,Satılık,14500000.0,31 ve üzeri,4,Kombi (Doğalgaz),Kombi Dogalgaz,Kapalı,150.0,140.0,4.0,30.0,1.0,4.0,5.0,5.0,5.0,2.0,0.0,1.0,0.0,1.0,0.0,ilan_1266776414,0,0,1,0,0,0,0,0,0,0,0,0,0,0,0,0,0,0,0,0,0,0,0,0,0,0,0,0,0,0,0,0,0,0,0,0,0,0,0,0,0,0,0,0,0,0,0,0,0,0,0,0,0,0,0,0,0,0,0,0,0,0,0,0,0,0,0,0,0,0,0,0,0,0,0,0,0,0,0,0,0,0,0,0,0,0,0,0,0,0,0,0,0,0,0,0,0,0,0,0,0,0,0,0,0,0,0,0,0,0,0,0,0,0,0,0,0,0,0,0,0,0,1,1,0,0,0,0,0,0,0,0,0,0,0,0,0,0,0,0,0,0,0,0,0,0,0,0,0,0,0,0
1302480961,Çanakkale,Merkez,Kepez Bld.,Satılık,7100000.0,26-30 arası,3,Merkezi,Merkezi,Kapalı,120.0,100.0,4.0,30.0,1.0,3.0,5.0,5.0,4.0,2.0,0.0,1.0,1.0,1.0,0.0,ilan_1302480961,0,1,1,0,0,1,0,0,0,0,0,1,0,0,0,1,0,0,0,0,0,1,0,0,0,0,1,0,0,0,0,1,1,0,0,0,0,0,1,0,0,0,0,1,0,1,1,1,0,0,0,0,0,0,1,0,0,0,1,0,1,0,0,1,0,1,1,0,0,0,0,0,0,0,0,0,1,1,0,0,1,0,1,0,0,0,0,0,0,1,0,0,0,0,0,1,1,0,0,0,1,0,1,0,0,0,0,1,0,0,0,0,0,0,0,0,0,1,1,0,0,0,1,1,0,0,0,0,0,1,0,0,1,0,0,0,0,0,0,0,0,0,0,0,0,0,0,0,0,0,0,0
1036127379,Çanakkale,Bozcaada,Cumhuriyet Mah.,Satılık,32000000.0,6-10 arası,Bilinmiyor,Şömine,Somine,Açık (Amerikan),130.0,120.0,4.0,8.0,3.0,0.0,0.0,0.0,2.0,3.0,1.0,1.0,0.0,0.0,0.0,ilan_1036127379,1,0,1,0,0,0,0,0,0,0,0,0,0,0,0,0,0,0,0,0,0,0,0,0,0,0,0,0,0,0,0,0,0,0,0,0,0,0,0,0,0,0,0,0,0,0,0,0,0,0,0,0,0,0,0,0,0,0,0,0,0,0,1,1,0,1,0,0,0,0,0,0,0,0,1,0,1,0,0,0,0,0,0,0,0,0,0,0,0,0,0,0,0,0,0,0,0,0,0,0,0,0,0,0,1,0,0,0,0,0,0,0,0,0,0,0,0,0,0,0,0,0,0,1,1,0,0,0,0,0,0,0,0,0,0,0,0,0,0,0,0,0,0,0,0,0,0,0,0,0,0,0
1219255800,Çanakkale,Bozcaada,Alaybey Mh.,Satılık,27000000.0,6-10 arası,Bilinmiyor,Yerden Isıtma,Yerden Isitma,Açık (Amerikan),250.0,200.0,4.0,8.0,3.0,0.0,0.0,1.0,5.0,2.0,1.0,0.0,0.0,1.0,1.0,ilan_1219255800,0,0,0,0,0,0,0,0,0,0,0,0,1,1,1,1,1,1,0,1,1,1,1,0,1,1,0,0,1,0,1,0,0,0,0,1,1,0,0,0,1,0,0,0,0,1,0,0,1,1,0,0,1,0,0,0,0,1,0,0,0,0,0,0,0,1,0,0,0,0,0,0,0,0,1,0,0,0,0,0,0,0,0,0,0,0,0,0,0,0,0,0,0,0,0,0,0,0,0,0,0,0,0,0,0,0,0,0,0,0,0,0,0,0,0,0,0,0,0,0,0,0,0,1,1,0,0,0,1,0,0,0,0,0,0,0,0,0,0,0,0,0,0,0,0,0,0,0,0,0,0,0
1305179552,Çanakkale,Bozcaada,Cumhuriyet Mah.,Satılık,14900000.0,31 ve üzeri,Bilinmiyor,Klima,Klima,Açık (Amerikan),55.0,50.0,3.0,30.0,1.0,0.0,0.0,0.0,3.0,1.0,1.0,0.0,0.0,0.0,1.0,ilan_1305179552,0,0,1,1,0,0,0,0,0,0,0,0,0,0,0,0,0,0,0,0,0,0,0,0,0,0,0,0,0,0,0,0,0,0,0,0,0,0,0,0,0,0,0,0,0,0,0,0,0,0,0,0,0,0,0,0,0,0,0,0,0,0,0,1,0,0,0,0,0,0,0,1,0,0,0,0,0,0,0,0,0,1,1,0,0,1,1,1,0,1,0,1,1,1,1,1,1,1,1,1,1,0,1,0,0,0,0,0,0,0,0,0,0,0,0,0,0,0,0,0,0,0,0,0,0,0,0,0,0,0,0,0,0,0,0,0,0,0,0,0,0,0,0,0,0,0,0,0,0,0,0,0
1219269601,Çanakkale,Bozcaada,Alaybey Mh.,Satılık,20000000.0,6-10 arası,Bilinmiyor,Yerden Isıtma,Yerden Isitma,Açık (Amerikan),250.0,200.0,4.0,8.0,3.0,0.0,0.0,1.0,5.0,2.0,1.0,0.0,0.0,1.0,0.0,ilan_1219269601,0,0,0,0,0,0,0,0,0,0,0,0,0,0,0,1,0,0,0,0,0,0,1,0,1,0,0,0,0,0,1,0,0,0,0,0,1,0,0,0,0,1,0,0,0,1,0,0,0,0,0,1,0,0,0,0,0,0,0,0,0,0,0,0,0,1,0,0,0,0,0,0,0,0,1,0,0,0,0,0,0,0,0,0,0,0,0,0,0,0,0,0,0,0,0,0,0,0,0,0,0,0,0,0,0,0,0,0,0,0,0,0,0,0,0,0,0,0,0,0,0,0,0,1,1,0,0,0,1,0,0,0,0,0,0,0,0,0,0,0,0,0,0,0,0,0,0,0,0,0,0,0
1230384553,Çanakkale,Bozcaada,Alaybey Mh.,Satılık,25000000.0,11-15 arası,Bilinmiyor,Elektrikli Radyatör,Elektrikli Radyatör,Açık (Amerikan),100.0,95.0,4.0,13.0,2.0,0.0,0.0,0.0,2.0,2.0,1.0,1.0,0.0,0.0,0.0,ilan_1230384553,0,0,1,0,0,1,0,0,0,0,0,1,0,1,0,0,0,0,0,0,0,1,1,0,1,0,0,0,0,0,0,0,0,0,0,0,0,0,1,0,0,0,1,0,0,0,0,1,0,0,0,0,0,1,0,0,0,0,0,0,0,0,0,0,0,0,0,0,0,0,0,0,0,0,0,0,0,0,0,0,0,1,1,0,0,1,0,0,0,0,0,0,1,0,0,0,1,0,0,1,0,0,0,0,1,0,1,0,0,0,0,0,1,0,0,0,0,0,0,0,0,0,0,0,1,0,0,0,0,0,0,0,0,0,0,0,0,0,0,1,0,0,0,0,0,0,0,0,1,0,0,0
1291159457,Çanakkale,Bozcaada,Alaybey Mh.,Satılık,35000000.0,0 (Oturuma Hazır),Bilinmiyor,Klima,Klima,Açık (Amerikan),300.0,220.0,10.0,0.0,0.0,0.0,0.0,2.0,3.0,6.0,1.0,0.0,0.0,1.0,0.0,ilan_1291159457,0,0,0,0,0,0,0,0,0,0,0,0,0,0,0,0,0,0,0,0,0,0,0,0,0,0,0,0,0,0,0,0,1,0,0,0,1,0,0,0,0,0,0,0,0,0,0,0,0,0,0,0,0,0,0,0,0,0,0,0,0,0,0,0,0,0,0,0,0,0,0,0,0,0,0,0,0,0,0,0,0,0,0,0,0,0,0,0,0,0,0,0,0,0,0,0,0,0,0,0,0,0,0,0,0,0,0,0,0,0,0,0,0,0,0,0,0,0,0,0,0,0,0,1,1,0,0,0,1,0,0,0,0,0,0,0,0,0,0,0,0,0,0,0,0,0,0,0,0,0,0,0
1305283016,Çanakkale,Bozcaada,Alaybey Mh.,Satılık,20200000.0,0 (Oturuma Hazır),Müstakil,Yerden Isıtma,Yerden Isitma,Açık (Amerikan),1.0,200.0,4.0,0.0,0.0,1.0,5.0,1.0,5.0,2.0,1.0,0.0,0.0,1.0,0.0,ilan_1305283016,1,1,1,1,1,1,0,0,0,0,0,0,0,0,0,0,0,0,0,0,0,0,0,0,0,0,0,0,0,0,0,0,0,0,0,0,0,0,0,0,0,0,0,0,0,0,0,0,0,0,0,0,0,0,0,0,0,0,0,0,0,0,0,0,0,1,0,0,0,0,0,0,0,0,0,0,1,0,0,0,0,0,0,0,0,0,0,0,0,0,0,0,0,0,0,0,0,0,0,0,0,0,1,0,1,0,0,0,0,0,0,0,0,0,0,0,0,0,0,0,0,0,0,1,1,0,0,0,1,0,0,0,0,0,0,0,0,0,0,1,0,0,0,0,0,0,0,0,0,0,0,0
1263174553,Çanakkale,Bozcaada,Alaybey Mh.,Satılık,105000000.0,21-25 arası,Bilinmiyor,Kat Kaloriferi,Kat Kaloriferi,Açık (Amerikan),400.0,300.0,9.0,21.0,2.0,0.0,0.0,0.0,4.0,4.0,1.0,1.0,0.0,0.0,0.0,ilan_1263174553,1,1,1,1,1,0,0,0,0,0,0,0,0,0,1,0,0,0,0,1,1,1,1,0,1,0,0,0,0,0,0,0,1,0,0,1,1,0,0,0,1,0,0,0,0,0,0,0,0,0,0,1,1,0,0,0,0,0,0,0,1,0,1,0,1,0,0,0,0,0,0,0,0,0,1,0,0,0,0,0,0,1,1,0,0,1,1,0,0,0,0,1,1,1,0,0,1,1,1,0,1,0,0,0,1,0,0,0,1,0,0,0,1,0,0,0,0,0,0,0,0,0,0,1,1,0,0,0,1,0,0,0,0,0,1,0,0,0,0,0,0,0,0,0,0,0,0,0,0,0,0,0
1276692356,Çanakkale,Bozcaada,Cumhuriyet Mah.,Satılık,31550000.0,6-10 arası,Bilinmiyor,Soba,Soba,Açık (Amerikan),160.0,114.0,5.0,8.0,3.0,0.0,0.0,0.0,1.0,2.0,1.0,1.0,0.0,0.0,0.0,ilan_1276692356,1,1,1,1,0,0,0,0,0,0,0,0,0,0,0,1,0,0,0,0,0,0,0,0,0,0,0,0,0,0,0,0,0,0,0,0,0,0,0,0,0,0,0,0,0,0,0,0,0,0,0,0,1,0,0,0,0,0,0,0,0,0,0,1,0,0,0,0,0,0,0,0,0,0,1,0,0,0,0,0,0,0,0,0,0,0,0,0,0,0,0,0,0,0,0,0,0,0,0,0,0,0,1,0,0,0,0,0,0,0,0,0,1,0,0,0,0,0,0,0,0,0,0,1,1,0,0,0,1,0,0,0,0,0,0,0,0,1,0,0,0,0,0,0,0,0,0,0,0,0,0,0
1304491013,Çanakkale,Bozcaada,Cumhuriyet Mah.,Satılık,55000000.0,11-15 arası,Bilinmiyor,Klima,Klima,Açık (Amerikan),130.0,125.0,4.0,13.0,2.0,0.0,0.0,0.0,3.0,2.0,1.0,1.0,0.0,0.0,0.0,ilan_1304491013,1,1,1,1,0,1,0,0,0,0,0,1,0,0,1,0,0,0,0,0,0,0,1,0,0,0,0,0,0,0,0,0,0,0,0,0,0,0,0,0,0,0,0,0,0,0,0,1,0,0,0,0,0,0,0,0,0,0,0,0,0,0,1,0,0,1,1,0,0,0,0,0,0,0,1,0,0,0,0,0,0,0,0,0,0,0,0,0,0,0,0,0,0,0,0,0,0,0,0,0,0,0,0,0,1,0,0,0,0,0,0,0,0,0,0,0,0,0,0,0,0,0,0,1,1,0,0,0,0,0,1,0,0,0,0,0,0,0,0,0,0,0,0,0,0,0,0,0,0,0,0,0
1259578171,Çanakkale,Bozcaada,Cumhuriyet Mah.,Satılık,31650000.0,6-10 arası,Bilinmiyor,Soba,Soba,Açık (Amerikan),160.0,114.0,5.0,8.0,3.0,0.0,0.0,0.0,1.0,2.0,1.0,1.0,0.0,0.0,0.0,ilan_1259578171,1,1,1,1,0,0,0,0,0,0,0,0,0,0,0,1,0,0,0,0,0,0,0,0,0,0,0,0,0,0,0,0,1,0,0,0,0,0,0,0,0,0,0,0,0,0,0,0,0,0,0,0,1,0,0,0,0,0,0,0,0,0,0,1,0,0,0,0,0,0,0,0,0,0,0,0,0,0,0,0,0,0,0,0,0,0,0,0,0,0,0,0,0,0,0,0,0,0,0,0,0,0,1,0,0,0,0,0,0,0,0,0,1,0,0,0,0,0,0,0,0,0,0,1,1,0,0,0,0,0,0,0,0,0,0,0,0,1,0,0,0,0,0,0,0,0,0,0,0,0,0,0
1260211206,Çanakkale,Bozcaada,Cumhuriyet Mah.,Satılık,15450000.0,21-25 arası,Bilinmiyor,Klima,Klima,Kapalı,180.0,150.0,6.0,21.0,2.0,0.0,0.0,3.0,3.0,3.0,0.0,0.0,0.0,1.0,0.0,ilan_1260211206,1,0,0,0,0,0,0,0,0,0,0,0,0,0,0,0,0,0,0,0,0,0,0,0,0,0,0,0,0,0,0,0,0,0,0,0,0,0,0,0,0,0,0,0,0,0,0,0,0,0,0,0,0,0,0,0,0,0,0,0,0,0,0,0,0,0,0,0,0,0,0,0,0,0,0,0,0,0,0,0,0,0,0,0,0,0,0,0,0,0,0,0,0,0,0,0,0,0,0,0,0,0,0,0,0,0,0,0,0,0,0,0,0,0,0,0,0,0,0,0,0,0,0,0,0,0,0,0,0,0,0,0,0,0,0,0,0,0,0,0,0,0,0,0,0,0,0,0,0,0,0,0
1263238363,Çanakkale,Bozcaada,Cumhuriyet Mah.,Satılık,27490000.0,6-10 arası,Bilinmiyor,Yerden Isıtma,Yerden Isitma,Kapalı,250.0,200.0,6.0,8.0,3.0,0.0,0.0,0.0,5.0,5.0,0.0,1.0,0.0,0.0,1.0,ilan_1263238363,0,0,0,0,1,0,0,0,0,0,1,1,1,1,1,1,1,1,1,1,1,1,1,1,1,1,0,1,1,0,0,0,1,0,0,1,1,0,1,0,1,1,0,0,0,1,0,0,0,1,0,1,0,1,1,0,0,0,0,0,0,0,0,1,0,0,0,0,0,0,0,0,0,0,1,0,0,0,0,0,0,0,1,0,1,0,1,0,0,0,0,0,1,0,0,1,0,1,0,1,1,0,1,0,0,0,0,0,1,0,0,0,1,0,0,0,0,0,1,0,0,0,0,1,1,0,0,0,1,0,1,0,0,0,1,0,0,0,0,1,0,1,1,0,0,1,0,0,0,0,1,0
1276804645,Çanakkale,Bozcaada,Cumhuriyet Mah.,Satılık,65000000.0,6-10 arası,Bilinmiyor,Klima,Klima,Kapalı,200.0,190.0,10.0,8.0,3.0,0.0,0.0,0.0,3.0,6.0,0.0,0.0,0.0,0.0,1.0,ilan_1276804645,0,0,0,0,0,0,0,0,0,0,0,0,0,0,0,0,0,0,0,0,0,0,0,0,0,0,0,0,0,0,0,0,0,0,0,0,0,0,0,0,0,0,0,0,0,0,0,0,0,0,0,0,0,0,0,0,0,0,0,0,0,0,0,0,0,0,0,0,0,0,0,0,0,0,0,0,0,0,0,0,0,0,0,0,0,0,0,0,0,0,0,0,0,0,0,0,0,0,0,0,0,0,0,0,0,0,0,0,0,0,0,0,0,0,0,0,0,0,0,0,0,0,0,1,1,0,0,0,1,0,0,0,0,0,0,0,0,0,0,0,0,0,0,0,0,0,0,0,0,0,0,0
1045139614,Çanakkale,Bozcaada,Cumhuriyet Mah.,Satılık,39500000.0,6-10 arası,Bilinmiyor,Şömine,Somine,Kapalı,230.0,200.0,8.0,8.0,3.0,0.0,0.0,0.0,2.0,2.0,0.0,1.0,0.0,0.0,1.0,ilan_1045139614,1,0,0,0,0,0,0,0,0,0,0,0,0,0,0,0,0,0,0,0,0,0,0,0,0,0,0,0,0,0,0,0,0,0,0,0,0,0,0,0,0,0,0,0,0,0,0,0,0,0,0,0,0,0,0,0,0,0,0,0,0,0,0,0,0,0,0,0,0,0,0,0,0,0,0,0,0,0,0,0,0,0,0,0,0,0,0,0,0,0,0,0,0,0,0,0,0,0,0,0,0,0,0,0,0,0,0,0,0,0,0,0,0,0,0,0,0,0,0,0,0,0,0,0,0,0,0,0,0,0,0,0,0,0,0,0,0,0,0,0,0,0,0,0,0,0,0,0,0,0,0,0
1288656133,Çanakkale,Bozcaada,Cumhuriyet Mah.,Satılık,26000000.0,26-30 arası,Bilinmiyor,Isı Pompası,Isı Pompası,Açık (Amerikan),187.0,180.0,3.0,30.0,1.0,0.0,0.0,0.0,0.0,1.0,1.0,0.0,0.0,0.0,0.0,ilan_1288656133,1,0,1,1,0,1,0,0,0,0,0,0,0,0,0,0,0,0,0,0,0,0,1,0,0,0,0,0,0,0,0,0,0,0,0,0,0,0,0,0,0,0,0,0,0,0,0,0,0,0,0,0,0,0,0,0,0,0,0,0,0,0,0,0,0,0,0,0,0,0,0,0,0,0,0,0,0,0,0,0,0,1,0,0,0,1,0,0,0,0,0,0,0,1,0,1,0,0,0,1,0,0,1,0,0,0,0,0,0,0,0,0,0,0,0,0,0,0,0,0,0,0,0,0,0,0,0,0,0,0,0,0,0,0,0,0,0,0,1,0,0,0,0,0,0,0,0,0,0,0,0,0
1300371451,Çanakkale,Bozcaada,Cumhuriyet Mah.,Satılık,16500000.0,11-15 arası,Bilinmiyor,Klima,Klima,Açık (Amerikan),110.0,83.0,4.0,13.0,2.0,0.0,0.0,0.0,3.0,1.0,1.0,1.0,0.0,0.0,0.0,ilan_1300371451,0,0,0,1,0,0,0,0,0,0,0,0,0,0,0,0,0,0,0,0,0,0,0,0,0,0,0,0,0,0,0,0,0,0,0,0,0,0,0,0,0,0,0,0,0,0,0,0,0,0,0,0,0,0,0,0,0,0,0,0,0,0,0,0,0,0,0,0,0,0,0,0,0,0,0,0,0,0,0,0,0,0,0,0,0,0,0,0,0,0,0,0,0,0,0,0,0,0,0,0,0,0,0,0,0,0,0,0,0,0,0,0,0,0,0,0,1,0,0,0,0,0,0,1,1,0,0,0,0,0,0,0,0,0,0,0,0,0,0,1,0,0,0,0,0,0,0,0,0,0,0,0
1238610824,Çanakkale,Bozcaada,Alaybey Mh.,Satılık,21500000.0,3,Bilinmiyor,Şömine,Somine,Açık (Amerikan),210.0,180.0,6.0,3.0,4.0,0.0,0.0,0.0,2.0,4.0,1.0,1.0,0.0,0.0,0.0,ilan_1238610824,1,1,1,1,0,0,0,0,0,0,0,0,0,0,0,0,0,0,0,0,0,0,0,0,0,0,0,0,0,0,0,0,0,0,0,0,0,0,0,0,0,0,0,0,0,0,0,0,0,0,0,0,1,0,0,0,0,0,0,0,0,0,0,0,0,0,0,0,0,0,0,0,0,0,0,0,0,0,0,0,0,0,0,0,0,0,0,0,0,0,0,0,0,0,0,0,0,0,0,0,0,0,0,0,0,0,0,0,0,0,0,0,0,0,0,0,0,0,0,0,0,0,0,0,0,0,0,0,0,0,0,0,0,0,0,0,0,0,0,0,0,0,0,0,0,0,0,0,0,0,0,0
1163280139,Çanakkale,Bozcaada,Cumhuriyet Mah.,Satılık,34500000.0,21-25 arası,Bilinmiyor,Şömine,Somine,Açık (Amerikan),180.0,120.0,4.0,21.0,2.0,0.0,0.0,1.0,2.0,2.0,1.0,0.0,0.0,1.0,0.0,ilan_1163280139,1,1,0,1,0,0,0,0,0,0,0,1,1,1,1,1,1,1,0,1,1,0,0,0,1,1,0,0,0,0,0,0,1,0,0,0,0,0,0,0,0,1,0,0,1,1,0,0,1,0,0,1,1,1,0,0,0,0,0,0,0,0,0,0,0,0,0,0,0,0,0,0,0,0,1,0,1,0,0,0,0,0,0,0,0,0,0,0,0,0,0,0,0,0,0,0,0,0,0,0,0,0,0,0,0,0,0,0,0,0,0,0,0,0,0,0,0,0,0,0,0,0,0,1,1,0,0,0,0,0,0,0,0,0,0,0,0,0,0,0,0,0,0,0,0,0,0,0,0,0,0,0
1297419000,Çanakkale,Bozcaada,Cumhuriyet Mah.,Satılık,36000000.0,21-25 arası,Bilinmiyor,Şömine,Somine,Açık (Amerikan),130.0,110.0,4.0,21.0,2.0,0.0,0.0,0.0,2.0,1.0,1.0,1.0,0.0,0.0,0.0,ilan_1297419000,0,0,0,0,0,1,0,0,0,0,0,0,1,1,1,0,1,0,0,1,0,1,1,0,0,1,0,0,0,0,0,0,1,0,0,1,1,0,1,0,0,1,0,0,0,1,0,0,0,0,0,0,0,0,0,0,0,0,0,0,0,0,0,0,0,1,0,0,0,0,0,0,0,0,1,0,0,0,0,0,1,0,0,0,0,1,1,0,0,1,0,1,0,0,1,1,1,1,1,1,1,1,1,0,1,0,0,0,0,1,0,0,0,0,0,0,0,0,1,0,0,0,0,1,1,0,0,0,1,0,0,0,0,0,0,0,0,0,0,0,0,0,0,0,0,0,0,0,0,0,0,0
1176947140,Çanakkale,Bozcaada,Cumhuriyet Mah.,Satılık,29000000.0,21-25 arası,Bilinmiyor,Elektrikli Radyatör,Elektrikli Radyatör,Açık (Amerikan),110.0,100.0,8.0,21.0,2.0,0.0,0.0,0.0,2.0,2.0,1.0,1.0,0.0,0.0,1.0,ilan_1176947140,1,1,0,0,0,1,0,0,0,1,0,1,1,1,1,1,1,1,0,1,0,0,1,0,1,1,0,0,0,0,0,0,1,0,0,0,1,0,0,0,1,1,0,0,0,1,0,1,1,0,1,0,1,0,0,0,0,0,0,0,0,0,0,0,0,0,0,0,0,0,0,0,0,0,0,0,1,0,0,0,1,1,1,0,0,1,1,0,0,0,0,1,1,1,0,1,0,1,1,1,1,0,1,0,0,0,0,0,0,0,0,0,0,0,0,0,0,0,0,0,0,0,0,0,0,0,0,0,0,0,0,0,0,0,0,0,0,0,0,0,0,0,0,0,0,0,0,0,0,0,0,0
1241652696,Çanakkale,Bozcaada,Alaybey Mh.,Satılık,30900000.0,0 (Oturuma Hazır),Bilinmiyor,Şömine,Somine,Açık (Amerikan),300.0,290.0,4.0,0.0,0.0,0.0,0.0,0.0,2.0,2.0,1.0,1.0,0.0,0.0,0.0,ilan_1241652696,0,0,0,0,0,0,0,0,0,0,0,0,0,0,0,0,0,0,0,0,0,0,0,0,0,0,0,0,0,0,0,0,0,0,0,0,0,0,0,0,0,0,0,0,0,0,0,0,0,0,0,0,0,0,0,0,0,0,0,0,0,0,0,0,0,0,0,0,0,0,0,0,0,0,0,0,0,0,0,0,0,0,0,0,0,0,0,0,0,0,0,0,0,0,0,0,0,0,0,0,0,0,0,0,0,0,0,0,0,0,0,0,0,0,0,0,0,0,0,0,0,0,0,0,0,0,0,0,0,0,0,0,0,0,0,0,0,0,0,0,0,0,0,0,0,0,0,0,0,0,0,0
1296166696,Çanakkale,Bozcaada,Cumhuriyet Mah.,Satılık,28000000.0,4,Bilinmiyor,Kombi (Elektrik),Kombi Elektrik,Açık (Amerikan),110.0,100.0,3.0,4.0,4.0,0.0,0.0,0.0,3.0,1.0,1.0,1.0,0.0,0.0,1.0,ilan_1296166696,0,0,0,0,0,1,0,0,0,0,1,1,1,0,1,1,1,1,0,1,0,0,1,0,0,1,0,0,0,0,1,0,1,0,0,1,1,0,1,0,1,1,1,0,0,0,1,1,1,0,0,0,1,0,0,0,0,0,0,0,0,0,0,1,0,0,0,0,0,0,0,0,0,0,1,0,0,0,0,0,0,1,1,0,0,1,1,0,0,1,0,1,0,1,0,1,1,1,1,1,1,0,0,0,1,0,0,1,0,0,0,0,1,0,0,0,1,0,1,0,0,0,0,1,1,0,0,0,1,0,0,0,0,0,0,0,0,0,0,0,0,0,0,0,0,0,0,0,0,0,0,0
1210904675,Çanakkale,Bozcaada,Alaybey Mh.,Satılık,15950000.0,20,Bilinmiyor,Soba,Soba,Bilinmiyor,90.0,75.0,2.0,20.0,2.0,0.0,0.0,1.0,1.0,1.0,0.0,1.0,0.0,0.0,0.0,ilan_1210904675,0,0,0,0,0,0,0,0,0,0,0,0,0,0,0,0,0,0,0,0,0,0,0,0,0,0,0,0,0,0,0,0,0,0,0,0,0,0,0,0,0,0,0,0,0,0,0,0,0,0,0,0,0,0,0,0,0,0,0,0,0,0,0,0,0,0,0,0,0,0,0,0,0,0,0,0,0,0,0,0,0,0,0,0,0,0,0,0,0,0,0,0,0,0,0,0,0,0,0,0,0,0,0,0,0,0,0,0,0,0,0,0,0,0,0,0,0,0,0,0,0,0,0,0,0,0,0,0,0,0,0,0,0,0,0,0,0,0,0,0,0,0,0,0,0,0,0,0,0,0,0,0
1303669945,Çanakkale,Bozcaada,Cumhuriyet Mah.,Satılık,31000000.0,16-20 arası,Müstakil,Yok,Yok,Açık (Amerikan),120.0,100.0,5.0,16.0,2.0,1.0,5.0,1.0,1.0,2.0,1.0,1.0,0.0,0.0,1.0,ilan_1303669945,0,0,0,0,0,1,0,0,0,0,0,1,0,0,1,1,1,1,0,1,1,0,1,0,0,1,0,0,0,0,0,0,0,0,0,0,1,0,1,0,0,0,0,0,1,0,0,0,0,0,0,0,1,1,0,0,1,0,0,0,0,0,0,0,0,0,0,1,0,0,0,0,0,0,0,0,0,0,0,0,1,1,1,0,0,1,1,0,0,0,0,1,0,0,1,1,1,1,1,1,1,0,1,0,0,0,0,0,0,0,0,0,1,0,0,0,0,0,0,0,0,0,0,1,1,0,0,0,0,0,0,0,0,0,0,0,0,0,0,0,0,0,0,0,0,0,0,0,0,0,0,0
1137096588,Çanakkale,Bozcaada,Cumhuriyet Mah.,Satılık,26750000.0,21-25 arası,Bilinmiyor,Elektrikli Radyatör,Elektrikli Radyatör,Açık (Amerikan),96.0,88.0,2.0,21.0,2.0,0.0,0.0,0.0,2.0,2.0,1.0,0.0,0.0,0.0,1.0,ilan_1137096588,0,1,1,0,0,0,0,0,0,0,0,0,0,0,0,0,0,0,0,0,0,0,0,0,0,0,0,0,0,0,0,0,0,0,0,0,0,0,0,0,0,0,0,0,0,0,0,0,0,0,0,0,0,0,0,0,0,0,0,0,0,0,1,0,0,0,0,0,0,0,0,0,0,0,0,0,0,0,0,0,0,0,0,0,0,0,0,0,0,0,0,0,0,0,0,0,0,0,0,1,0,0,0,0,0,0,0,1,0,0,0,0,0,0,0,0,0,0,0,0,0,0,0,1,0,0,0,0,0,0,0,0,0,0,0,0,0,0,0,1,0,0,0,0,0,0,0,0,0,0,0,0
1286545876,Çanakkale,Bozcaada,Alaybey Mh.,Satılık,27500000.0,16-20 arası,Bilinmiyor,Kombi (Elektrik),Kombi Elektrik,Açık (Amerikan),130.0,129.0,4.0,16.0,2.0,0.0,0.0,0.0,3.0,2.0,1.0,0.0,0.0,0.0,1.0,ilan_1286545876,1,1,1,1,0,0,0,0,0,0,0,0,1,0,1,0,1,1,0,1,0,0,1,0,0,1,0,0,0,0,0,0,0,0,0,0,0,0,0,0,1,1,0,0,1,1,0,0,0,0,0,1,0,1,0,0,0,0,0,0,0,0,1,0,0,0,0,0,0,0,0,0,0,0,1,0,0,0,0,0,0,0,0,0,0,0,0,0,0,0,0,0,0,0,0,0,0,0,0,0,0,0,0,0,0,0,0,0,0,0,0,0,0,0,0,0,0,0,0,0,0,0,0,1,1,0,0,0,0,0,0,0,0,0,0,0,0,1,0,0,0,0,0,0,0,0,0,0,0,0,0,0
1234575432,Çanakkale,Bozcaada,Cumhuriyet Mah.,Satılık,45000000.0,26-30 arası,Müstakil,Kombi (Elektrik),Kombi Elektrik,Kapalı,215.0,192.0,8.0,30.0,1.0,1.0,5.0,3.0,3.0,2.0,0.0,1.0,0.0,0.0,0.0,ilan_1234575432,0,0,0,0,0,0,0,0,0,0,0,0,0,0,0,0,0,0,0,0,0,0,0,0,0,0,0,0,0,0,0,0,0,0,0,0,0,0,0,0,0,0,0,0,0,0,0,0,0,0,0,0,0,0,0,0,0,0,0,0,0,0,0,0,0,0,0,0,0,0,0,0,0,0,0,0,0,0,0,0,0,0,0,0,0,0,0,0,0,0,0,0,0,0,0,0,0,0,0,0,0,0,0,0,0,0,0,0,0,0,0,0,0,0,0,0,0,0,0,0,0,0,0,0,0,0,0,0,0,0,0,0,0,0,0,0,0,0,1,0,0,0,0,0,0,0,0,0,0,0,0,0
1260036281,Çanakkale,Bozcaada,Cumhuriyet Mah.,Satılık,16500000.0,21-25 arası,Müstakil,Klima,Klima,Kapalı,150.0,140.0,6.0,21.0,2.0,1.0,5.0,1.0,3.0,2.0,0.0,1.0,0.0,0.0,0.0,ilan_1260036281,0,0,0,0,0,0,0,0,0,0,0,0,0,0,0,0,0,0,0,0,0,0,0,0,0,0,0,0,0,0,0,0,0,0,0,0,0,0,0,0,0,0,0,0,0,0,0,0,0,0,0,0,0,0,0,0,0,0,0,0,0,0,0,0,0,0,0,0,0,0,0,0,0,0,0,0,0,0,0,0,0,0,0,0,0,0,0,0,0,0,0,0,0,0,0,0,0,0,0,0,0,0,0,0,1,0,0,1,0,0,0,0,0,0,0,0,0,0,1,0,0,0,0,0,0,0,0,0,0,0,0,0,0,0,0,0,0,0,0,0,0,0,0,0,0,0,0,0,0,0,0,0
1299244197,Çanakkale,Bozcaada,Cumhuriyet Mah.,Satılık,44500000.0,11-15 arası,Bilinmiyor,Isı Pompası,Isı Pompası,Kapalı,200.0,180.0,6.0,13.0,2.0,0.0,0.0,0.0,0.0,2.0,0.0,1.0,0.0,0.0,0.0,ilan_1299244197,0,1,1,0,1,0,0,0,0,0,0,0,0,0,0,1,0,0,0,0,0,0,1,0,0,0,0,0,0,0,0,0,0,0,0,0,0,0,0,0,0,0,0,0,0,0,0,0,0,0,0,1,0,0,0,0,0,0,0,0,0,0,0,0,0,0,0,0,0,0,0,0,0,0,1,0,0,0,0,0,0,0,0,0,0,0,0,0,0,0,0,0,0,0,0,0,0,0,0,0,0,0,1,0,0,0,0,0,0,0,0,0,0,0,0,0,0,1,1,0,0,0,0,0,1,0,0,0,0,0,0,0,0,0,1,0,0,0,0,1,0,0,0,0,0,0,0,0,0,0,1,0
1286653270,Çanakkale,Bozcaada,Cumhuriyet Mah.,Satılık,36000000.0,16-20 arası,Bilinmiyor,Soba,Soba,Açık (Amerikan),105.0,104.0,4.0,16.0,2.0,0.0,0.0,0.0,1.0,2.0,1.0,1.0,0.0,0.0,1.0,ilan_1286653270,1,1,1,1,0,0,0,0,0,0,0,0,1,0,1,0,1,1,0,1,0,0,1,0,0,0,0,0,0,0,0,0,0,0,0,0,0,0,0,0,0,0,0,0,0,1,0,1,0,0,0,0,1,1,0,0,0,0,0,0,0,0,1,0,0,0,0,0,0,0,0,0,0,0,1,0,0,0,0,0,0,0,0,0,0,0,0,0,0,0,0,0,0,0,0,0,0,0,0,0,0,0,0,0,1,0,0,0,0,0,0,0,0,0,0,0,0,0,1,0,0,0,0,1,1,0,0,0,0,0,1,0,0,0,0,0,0,0,0,0,0,0,0,0,0,0,0,0,0,0,0,0
1283670661,Çanakkale,Bozcaada,Cumhuriyet Mah.,Satılık,14100000.0,16-20 arası,Bilinmiyor,Soba,Soba,Açık (Amerikan),100.0,90.0,3.0,16.0,2.0,0.0,0.0,0.0,1.0,1.0,1.0,1.0,0.0,0.0,1.0,ilan_1283670661,0,1,1,1,0,0,0,0,0,0,0,0,1,0,1,0,1,1,0,0,0,0,1,0,0,1,0,0,0,0,0,0,0,0,0,0,0,0,1,0,1,1,0,0,0,0,0,1,0,0,0,0,1,0,0,0,0,0,0,0,0,0,0,0,0,0,0,0,0,0,0,0,0,0,0,0,0,0,0,0,0,0,0,0,0,0,0,0,0,0,0,0,0,0,0,0,0,0,0,0,0,0,1,0,0,0,0,0,0,0,0,0,0,0,0,0,0,0,0,0,0,0,0,1,0,0,0,0,0,1,0,0,0,0,0,0,0,0,1,0,0,0,0,0,0,0,0,0,0,0,0,0
1265962252,Çanakkale,Bozcaada,Alaybey Mh.,Satılık,11650000.0,0 (Oturuma Hazır),1,Yok,Yok,Açık (Amerikan),112.0,105.0,4.0,0.0,0.0,1.0,5.0,1.0,1.0,1.0,1.0,1.0,0.0,1.0,0.0,ilan_1265962252,0,0,0,0,0,0,0,0,0,0,0,0,0,0,0,0,0,0,0,0,0,0,0,0,0,0,0,0,0,0,0,0,0,0,0,0,0,0,0,0,0,0,0,0,0,0,0,0,0,0,0,0,0,0,0,0,0,0,0,0,0,0,0,0,0,0,0,0,0,0,0,0,0,0,0,0,0,0,0,0,0,0,0,0,0,0,0,0,0,0,0,0,0,0,0,0,0,0,0,0,0,0,0,0,0,0,0,0,0,0,0,0,0,0,0,0,0,0,0,0,0,0,0,0,0,0,0,0,0,0,0,0,0,0,0,0,0,0,0,0,0,0,0,0,0,0,0,0,0,0,0,0
1303163927,Çanakkale,Bozcaada,Cumhuriyet Mah.,Satılık,18000000.0,16-20 arası,Bilinmiyor,Kat Kaloriferi,Kat Kaloriferi,Kapalı,130.0,125.0,3.0,16.0,2.0,0.0,0.0,0.0,4.0,2.0,0.0,1.0,0.0,0.0,0.0,ilan_1303163927,1,1,1,1,1,0,0,0,0,0,0,0,0,0,0,0,0,0,0,0,0,0,1,0,0,0,0,0,0,0,0,0,0,0,0,1,0,0,1,0,0,1,0,0,0,0,0,1,0,0,0,0,0,1,0,0,0,0,0,0,0,0,1,0,0,0,0,0,0,0,0,0,0,0,1,0,0,0,0,0,0,1,0,0,0,1,0,0,0,0,0,1,0,1,0,1,0,1,0,1,1,0,1,0,0,0,0,0,0,0,0,0,0,0,0,0,0,0,0,0,0,0,0,0,1,0,0,0,0,1,1,0,0,0,0,0,0,0,0,0,0,0,0,0,0,0,0,0,0,0,0,0
1284195913,Çanakkale,Bozcaada,Alaybey Mh.,Satılık,17500000.0,26-30 arası,Bilinmiyor,Soba,Soba,Kapalı,130.0,100.0,4.0,30.0,1.0,0.0,0.0,0.0,1.0,2.0,0.0,0.0,0.0,0.0,1.0,ilan_1284195913,0,0,1,1,0,1,0,0,0,0,0,0,1,0,1,1,1,1,0,1,0,0,1,0,1,1,0,0,0,0,0,0,0,0,0,0,0,0,0,0,1,1,0,0,0,0,0,0,0,0,0,0,0,0,0,0,0,0,0,0,0,0,0,0,0,0,0,0,0,0,0,0,0,0,0,0,0,0,0,0,1,1,0,0,0,0,1,0,0,0,0,1,0,0,0,1,1,0,0,0,1,0,1,0,0,0,0,0,0,0,0,0,0,0,0,0,0,0,0,0,0,0,0,0,0,0,0,0,0,0,1,0,0,0,0,0,0,0,0,0,0,0,0,0,0,0,0,0,0,0,0,0
1297755075,Çanakkale,Bozcaada,Cumhuriyet Mah.,Satılık,24000000.0,21-25 arası,Bilinmiyor,Soba,Soba,Açık (Amerikan),80.0,75.0,3.0,21.0,2.0,0.0,0.0,0.0,1.0,2.0,1.0,0.0,0.0,0.0,0.0,ilan_1297755075,1,0,0,0,0,1,0,0,0,0,0,1,0,0,0,0,0,0,0,0,0,0,0,0,0,0,0,0,0,0,0,0,0,0,0,0,0,0,0,0,0,0,0,0,0,1,0,1,0,0,0,0,0,1,0,0,0,0,0,0,0,0,1,0,0,0,0,0,0,0,0,0,0,0,1,0,0,0,0,0,0,1,0,0,0,1,0,0,0,1,0,0,0,1,0,1,0,0,0,1,1,0,1,0,0,0,0,0,0,0,0,0,0,0,0,0,0,0,0,0,0,0,0,0,0,0,0,0,0,1,1,0,0,0,0,0,0,0,0,0,0,0,0,0,0,0,0,0,0,0,0,0
1303144852,Çanakkale,Bozcaada,Cumhuriyet Mah.,Satılık,24000000.0,26-30 arası,Bilinmiyor,Yok,Yok,Kapalı,51.0,50.0,4.0,30.0,1.0,0.0,0.0,0.0,1.0,1.0,0.0,1.0,0.0,0.0,1.0,ilan_1303144852,1,0,1,0,0,0,0,0,0,0,0,0,0,0,0,0,0,0,0,0,0,0,0,0,0,0,0,0,0,0,0,0,0,0,0,0,0,0,0,0,0,0,0,0,0,0,0,0,0,0,0,0,0,0,0,0,0,0,0,0,0,0,0,0,0,0,0,0,0,0,0,0,0,0,0,0,0,0,0,0,1,1,1,0,0,1,1,0,0,1,0,1,1,1,1,1,1,1,1,1,1,0,1,0,0,0,0,0,0,0,0,0,0,0,0,0,0,0,0,0,0,0,1,1,1,0,0,0,1,1,0,0,0,0,0,0,0,0,0,0,0,0,0,0,0,0,0,0,0,0,0,0
1286913348,Çanakkale,Bozcaada,Alaybey Mh.,Satılık,54250000.0,26-30 arası,Bilinmiyor,Şömine,Somine,Açık (Amerikan),110.0,100.0,4.0,30.0,1.0,0.0,0.0,0.0,2.0,2.0,1.0,1.0,0.0,0.0,0.0,ilan_1286913348,0,0,0,0,1,1,0,0,0,0,0,0,0,1,0,1,0,0,0,0,0,1,1,0,0,0,0,0,0,0,0,0,0,0,0,1,0,0,1,0,0,0,0,0,0,1,0,0,0,0,1,1,0,0,0,0,0,0,0,0,0,0,0,0,0,1,0,0,0,1,0,0,0,0,1,0,1,0,0,0,0,0,0,0,0,0,0,0,0,0,0,0,0,0,0,0,0,1,0,1,0,0,1,0,1,0,0,0,0,0,0,0,0,0,0,0,0,0,0,0,0,0,0,1,1,0,1,0,0,0,1,0,0,0,0,0,0,0,0,0,0,0,0,0,0,0,0,0,0,0,0,0
1275806082,Çanakkale,Bozcaada,Cumhuriyet Mah.,Satılık,89000000.0,31 ve üzeri,Bilinmiyor,Yok,Yok,Kapalı,130.0,114.0,6.0,30.0,1.0,0.0,0.0,0.0,1.0,2.0,0.0,1.0,0.0,0.0,0.0,ilan_1275806082,1,1,1,1,0,0,0,0,0,0,0,0,0,0,0,0,0,0,0,0,0,0,0,0,0,0,0,0,0,0,0,0,0,0,0,0,0,0,0,0,0,0,0,0,0,0,0,0,0,0,0,0,0,0,0,0,0,0,0,0,0,0,0,0,0,0,0,0,0,0,0,0,0,0,0,0,0,0,0,0,0,0,0,0,0,0,0,0,0,0,0,0,0,0,0,0,0,0,0,0,0,0,0,0,0,0,0,0,0,0,0,0,0,0,0,0,0,0,0,0,0,0,0,1,1,0,0,0,1,1,0,0,0,0,0,0,0,0,0,0,0,0,0,0,0,0,0,0,0,0,0,0
1305150806,Çanakkale,Bozcaada,Cumhuriyet Mah.,Satılık,29500000.0,26-30 arası,Bilinmiyor,Klima,Klima,Açık (Amerikan),95.0,80.0,3.0,30.0,1.0,0.0,0.0,0.0,3.0,1.0,1.0,0.0,0.0,0.0,1.0,ilan_1305150806,1,1,1,1,0,0,0,0,0,0,0,1,0,0,0,1,0,0,0,0,0,0,1,0,0,0,0,0,0,0,0,0,1,0,0,0,1,0,0,0,0,0,0,0,0,0,0,0,0,0,0,0,0,0,1,0,0,0,0,0,0,0,0,1,0,0,0,0,0,0,0,1,0,0,0,0,0,0,0,0,0,0,0,0,0,0,0,0,0,0,0,0,0,0,0,0,0,0,0,0,0,0,0,0,0,0,0,0,0,0,0,0,0,0,0,0,0,0,0,0,0,0,0,1,1,0,0,0,1,0,0,0,0,0,0,0,0,0,0,0,0,0,0,0,0,0,0,0,0,0,0,0
1243313786,Çanakkale,Bozcaada,Cumhuriyet Mah.,Satılık,14000000.0,21-25 arası,Bilinmiyor,Elektrikli Radyatör,Elektrikli Radyatör,Açık (Amerikan),80.0,72.0,3.0,21.0,2.0,0.0,0.0,0.0,2.0,1.0,1.0,0.0,0.0,0.0,1.0,ilan_1243313786,0,1,1,0,0,1,0,0,0,0,0,0,0,0,1,0,0,1,0,1,0,0,0,0,0,0,0,0,0,0,0,0,0,0,0,0,0,0,0,0,0,0,0,0,0,1,0,0,0,0,0,0,0,0,1,0,0,0,0,0,0,0,0,0,0,0,0,0,0,0,0,0,0,0,0,0,0,0,0,0,1,1,1,0,0,1,1,0,0,1,0,0,0,1,0,1,1,1,1,1,1,0,1,0,0,0,0,0,0,0,0,0,1,0,0,0,0,0,0,0,0,0,0,0,0,0,0,0,0,1,1,0,0,0,0,0,0,0,0,0,0,0,0,0,0,0,0,0,0,0,0,0
1241683879,Çanakkale,Bozcaada,Cumhuriyet Mah.,Satılık,21700000.0,16-20 arası,Müstakil,Soba,Soba,Açık (Amerikan),90.0,80.0,4.0,16.0,2.0,1.0,5.0,2.0,1.0,1.0,1.0,1.0,0.0,0.0,0.0,ilan_1241683879,0,0,0,0,0,0,0,0,0,0,0,0,0,0,0,0,0,0,0,0,0,0,0,0,0,0,0,0,0,0,0,0,0,0,0,0,0,0,0,0,0,0,0,0,0,0,0,0,0,0,0,0,0,0,0,0,0,0,0,0,0,0,0,0,0,0,0,0,0,0,0,0,0,0,0,0,0,0,0,0,0,1,0,0,0,1,0,0,0,0,0,0,0,1,0,1,1,1,1,0,1,0,1,0,0,0,0,0,1,1,0,0,1,0,0,0,1,0,0,0,0,0,0,1,1,0,0,0,1,0,1,0,0,0,0,0,0,0,0,0,0,0,0,0,0,0,0,0,0,0,0,0
1265934639,Çanakkale,Bozcaada,Cumhuriyet Mah.,Satılık,26000000.0,31 ve üzeri,Bilinmiyor,Isı Pompası,Isı Pompası,Kapalı,160.0,135.0,9.0,30.0,1.0,0.0,0.0,2.0,0.0,2.0,0.0,0.0,0.0,0.0,1.0,ilan_1265934639,0,0,0,0,0,0,0,0,0,0,0,0,0,0,0,0,0,0,0,0,0,0,0,0,0,0,0,0,0,0,0,0,0,0,0,0,0,0,0,0,0,0,0,0,0,0,0,0,0,0,0,0,0,0,0,0,0,0,0,0,0,0,0,0,0,0,0,0,0,0,0,0,0,0,0,0,0,0,0,0,0,1,1,0,1,1,1,1,0,1,0,1,1,1,1,1,1,1,1,1,1,0,1,0,1,0,0,1,1,0,0,0,1,0,0,0,1,1,1,1,0,0,0,1,1,0,0,0,1,1,1,0,0,0,0,0,0,0,0,0,0,0,0,0,0,0,0,0,0,0,0,0
1271811608,Çanakkale,Bozcaada,Alaybey Mh.,Satılık,36000000.0,6-10 arası,Bilinmiyor,Klima,Klima,Açık (Amerikan),120.0,80.0,4.0,8.0,3.0,0.0,0.0,0.0,3.0,1.0,1.0,1.0,0.0,0.0,1.0,ilan_1271811608,1,1,1,1,0,0,0,0,0,0,0,0,0,0,0,0,0,0,0,0,0,0,0,0,0,0,0,0,0,0,0,0,0,0,0,0,0,0,0,0,0,0,0,0,0,0,0,0,0,0,0,0,0,0,0,0,0,0,0,0,0,0,0,0,0,0,0,0,0,0,0,0,0,0,0,0,0,0,0,0,0,0,0,0,0,0,0,0,0,0,0,0,0,0,0,0,0,0,0,0,0,0,0,0,0,0,0,0,0,0,0,0,0,0,0,0,0,0,0,0,0,0,0,0,0,0,0,0,0,0,0,0,0,0,0,0,0,0,0,0,0,0,0,0,0,0,0,0,0,0,0,0
1247661678,Çanakkale,Bozcaada,Alaybey Mh.,Satılık,45000000.0,21-25 arası,Bilinmiyor,Kat Kaloriferi,Kat Kaloriferi,Açık (Amerikan),320.0,250.0,4.0,21.0,2.0,0.0,0.0,0.0,4.0,2.0,1.0,1.0,0.0,0.0,0.0,ilan_1247661678,1,1,1,0,0,0,0,0,0,0,0,1,1,1,1,1,1,1,0,0,1,1,1,0,1,1,0,1,0,0,0,0,0,0,0,1,0,0,0,0,0,1,0,0,1,0,0,1,1,0,0,0,1,0,0,0,0,0,0,0,0,0,0,1,0,1,0,0,0,0,0,0,0,0,1,0,0,0,0,0,0,1,1,0,0,1,0,0,0,0,0,1,0,0,0,1,0,1,0,1,1,0,1,0,0,0,0,0,0,0,0,0,1,0,0,0,0,0,0,0,0,0,1,1,1,0,0,0,0,0,0,0,0,0,1,0,0,0,0,0,0,0,0,0,0,0,0,0,0,0,0,0
1270620454,Çanakkale,Bozcaada,Cumhuriyet Mah.,Satılık,15000000.0,31 ve üzeri,Bilinmiyor,Klima,Klima,Kapalı,60.0,50.0,4.0,30.0,1.0,0.0,0.0,0.0,3.0,1.0,0.0,0.0,0.0,0.0,1.0,ilan_1270620454,0,1,1,0,1,0,0,0,0,0,0,0,0,0,0,0,0,0,0,0,0,0,1,0,0,0,0,0,0,0,0,0,0,0,0,0,1,0,0,0,0,0,0,0,0,1,0,0,0,0,0,0,0,0,0,0,0,0,0,0,0,0,0,0,0,0,0,0,0,0,0,0,0,0,0,0,0,0,0,0,0,1,1,0,0,0,0,1,0,0,0,1,0,1,1,1,1,0,1,1,1,0,1,0,0,0,0,0,0,0,0,0,0,0,0,0,0,0,0,0,0,0,0,0,0,0,0,0,0,0,0,0,0,0,0,0,0,0,0,0,0,0,0,0,0,0,0,0,0,0,0,0
1278523763,Çanakkale,Bozcaada,Cumhuriyet Mah.,Satılık,17700000.0,16-20 arası,Bilinmiyor,Şömine,Somine,Kapalı,145.0,82.0,4.0,16.0,2.0,0.0,0.0,0.0,2.0,2.0,0.0,1.0,0.0,0.0,0.0,ilan_1278523763,0,0,0,0,0,0,0,0,0,0,0,0,0,0,0,0,0,0,0,0,0,0,0,0,0,0,0,0,0,0,0,0,0,0,0,0,0,0,0,0,0,0,0,0,0,0,0,0,0,0,0,0,0,0,0,0,0,0,0,0,0,0,0,0,0,0,0,0,0,0,0,0,0,0,0,0,0,0,0,0,0,0,0,0,0,0,0,0,0,0,0,0,0,0,0,0,0,0,0,0,0,0,0,0,0,0,0,0,0,0,0,0,0,0,0,0,0,0,0,0,0,0,0,0,0,0,0,0,0,0,0,0,0,0,0,0,0,0,0,0,0,0,0,0,0,0,0,0,0,0,0,0
1263046591,Çanakkale,Bozcaada,Cumhuriyet Mah.,Satılık,8900000.0,4,Bilinmiyor,Klima,Klima,Açık (Amerikan),105.0,90.0,4.0,4.0,4.0,0.0,0.0,0.0,3.0,1.0,1.0,1.0,0.0,0.0,0.0,ilan_1263046591,0,0,0,0,0,0,0,0,0,0,0,0,0,0,0,0,0,0,0,0,0,0,0,0,0,0,0,0,0,0,0,0,0,0,0,0,0,0,0,0,0,0,0,0,0,0,0,0,0,0,0,0,0,0,0,0,0,0,0,0,0,0,0,0,0,0,0,0,0,0,0,0,0,0,0,0,0,0,0,0,0,0,0,0,0,0,0,0,0,0,0,0,0,0,0,0,0,0,0,0,0,0,0,0,0,0,0,0,0,0,0,0,0,0,0,0,0,0,0,0,0,0,0,0,0,0,0,0,0,0,0,0,0,0,0,0,0,0,0,0,0,0,0,0,0,0,0,0,0,0,0,0
1250402002,Çanakkale,Bozcaada,Cumhuriyet Mah.,Satılık,21000000.0,26-30 arası,Bilinmiyor,Yok,Yok,Kapalı,130.0,120.0,5.0,30.0,1.0,0.0,0.0,0.0,1.0,2.0,0.0,0.0,0.0,0.0,0.0,ilan_1250402002,0,0,0,0,0,1,0,0,0,0,0,0,0,0,0,1,0,0,0,0,0,0,0,0,0,0,0,0,0,0,0,0,0,0,0,1,0,0,0,0,0,0,0,0,0,0,0,0,0,0,0,0,0,0,0,0,0,0,0,0,0,0,0,0,0,0,0,0,0,0,0,0,0,0,0,0,0,0,0,0,0,1,1,0,0,1,1,0,0,0,0,1,0,0,0,1,1,1,1,1,1,0,0,0,0,0,0,0,0,0,0,0,0,0,0,0,0,0,0,0,0,0,0,0,0,0,0,0,0,0,0,0,0,0,0,0,0,0,0,0,0,0,0,0,0,0,0,0,0,0,0,0
1260191222,Çanakkale,Gökçeada,Cumhuriyet Mah.,Satılık,19000000.0,26-30 arası,Villa Tipi,Klima,Klima,Açık (Amerikan),190.0,180.0,7.0,30.0,1.0,1.0,5.0,2.0,3.0,2.0,1.0,1.0,0.0,1.0,1.0,ilan_1260191222,1,1,1,1,0,1,0,0,0,0,0,1,1,0,1,0,1,1,0,1,0,0,1,0,0,0,0,0,0,0,0,0,0,0,0,0,0,0,0,0,0,1,1,0,1,1,1,0,1,0,0,0,0,1,0,0,0,0,0,0,0,0,0,1,0,0,1,0,0,0,0,1,0,0,0,0,0,0,0,0,1,1,1,0,0,0,0,0,0,1,0,1,1,0,1,1,1,0,1,1,1,1,1,1,0,0,0,0,0,0,0,0,0,0,0,0,0,0,0,0,0,0,0,1,1,0,0,0,1,1,1,0,0,0,0,0,0,0,0,0,0,0,0,0,0,0,0,0,0,0,0,0
1304411248,Çanakkale,Gökçeada,Kuzulimanı Mh.,Satılık,8850000.0,31 ve üzeri,Bahçe Katı,Yok,Yok,Kapalı,140.0,130.0,4.0,30.0,1.0,0.0,4.0,2.0,1.0,2.0,0.0,1.0,0.0,0.0,0.0,ilan_1304411248,1,1,1,1,0,0,0,0,0,0,0,0,0,0,0,1,0,0,0,0,0,0,0,0,0,0,0,0,0,0,0,0,0,0,0,1,0,0,1,1,0,1,0,0,0,0,1,0,0,0,1,0,0,1,0,0,0,0,0,0,0,0,0,0,0,0,0,0,0,0,0,0,0,0,0,0,1,0,0,0,0,0,0,0,1,0,0,0,0,0,0,0,0,0,0,0,0,1,0,0,0,0,1,0,0,0,0,0,0,0,0,0,0,0,0,0,0,0,0,0,0,0,0,1,1,0,0,0,1,0,1,0,0,0,1,0,0,0,0,0,0,0,0,0,0,0,0,0,0,0,0,0
1260151449,Çanakkale,Gökçeada,Uğurlu Köyü,Satılık,15500000.0,0 (Yapım Aşamasında),Giriş Katı,Yok,Yok,Kapalı,400.0,375.0,8.0,0.0,0.0,0.0,3.0,2.0,1.0,1.0,0.0,1.0,0.0,1.0,0.0,ilan_1260151449,1,1,1,1,0,0,0,0,0,0,0,0,0,0,0,0,0,0,0,0,0,0,0,0,0,0,0,0,0,0,0,0,0,0,0,0,0,0,0,0,0,0,0,0,0,0,0,0,0,0,0,0,0,0,0,0,0,0,0,0,0,0,0,0,0,0,0,0,0,0,0,0,0,0,0,0,0,0,0,0,0,0,0,0,0,0,0,0,0,0,0,0,0,0,0,0,0,0,0,0,0,0,0,0,0,0,0,0,0,0,0,0,0,0,0,0,0,0,0,0,0,0,0,0,0,0,0,0,0,0,0,0,0,0,0,0,0,0,0,0,0,0,0,0,0,0,0,0,0,0,0,0
1296445114,Çanakkale,Gökçeada,Zeytinli Köyü,Satılık,9250000.0,31 ve üzeri,Bilinmiyor,Yok,Yok,Açık (Amerikan),70.0,50.0,2.0,30.0,1.0,0.0,0.0,0.0,1.0,0.0,1.0,1.0,0.0,0.0,0.0,ilan_1296445114,1,1,1,1,0,0,0,0,0,0,0,0,0,0,0,0,0,0,0,0,0,0,0,0,0,0,0,0,0,0,0,0,0,0,0,0,0,0,0,0,0,0,0,0,0,0,0,0,0,0,0,0,0,0,0,0,0,0,0,0,0,0,0,0,0,0,0,0,0,0,0,0,0,0,0,0,0,0,0,0,0,0,0,0,0,0,0,0,0,0,0,0,0,0,0,0,0,0,0,0,0,0,0,0,0,0,0,0,0,0,0,0,0,0,0,0,0,0,0,0,0,0,0,0,0,0,0,0,0,0,0,0,0,0,0,0,0,0,0,0,0,0,0,0,0,0,0,0,0,0,0,0
1305321731,Çanakkale,Gökçeada,Kuzulimanı Mh.,Satılık,13000000.0,6-10 arası,Bilinmiyor,Şömine,Somine,Kapalı,300.0,120.0,4.0,8.0,3.0,0.0,0.0,2.0,2.0,2.0,0.0,0.0,0.0,0.0,0.0,ilan_1305321731,0,0,1,1,0,1,0,0,0,0,0,1,1,0,0,0,0,0,0,0,0,0,1,0,1,0,0,0,0,0,0,0,1,0,1,1,0,0,1,0,0,1,0,0,0,1,0,0,0,1,0,1,1,1,1,0,0,0,0,0,0,0,0,1,0,0,0,0,0,0,0,0,0,0,0,0,0,0,0,0,0,0,0,0,0,0,0,0,0,0,0,0,0,0,0,0,0,0,0,0,0,0,0,0,0,0,0,0,0,0,0,0,0,0,0,0,0,0,0,0,0,0,0,1,1,0,0,0,1,0,1,0,0,0,0,0,0,0,0,0,0,0,0,0,0,0,0,0,0,0,0,0
1221786632,Çanakkale,Gökçeada,Dereköy Köyü,Satılık,35750000.0,0 (Oturuma Hazır),Bilinmiyor,Isı Pompası,Isı Pompası,Açık (Amerikan),220.0,200.0,5.0,0.0,0.0,0.0,0.0,2.0,0.0,4.0,1.0,0.0,0.0,1.0,1.0,ilan_1221786632,1,1,1,1,0,0,1,0,0,0,1,0,1,1,1,1,1,1,0,1,1,1,1,0,1,1,0,1,0,1,1,1,1,0,0,1,1,0,0,0,1,1,0,0,1,0,0,1,0,1,0,1,1,0,1,1,1,0,0,0,0,0,1,1,0,0,1,0,0,1,0,1,0,0,1,0,0,0,1,0,0,0,0,0,1,0,0,0,0,0,0,0,0,0,0,0,0,1,0,0,0,0,0,0,0,0,0,0,0,0,0,0,0,0,0,0,0,0,0,0,0,0,0,1,1,0,1,0,1,0,0,0,0,0,0,0,0,0,1,0,0,0,0,0,0,0,0,0,0,0,0,0
1284143412,Çanakkale,Gökçeada,Çınarlı Mh.,Satılık,16000000.0,0 (Oturuma Hazır),Bilinmiyor,Yerden Isıtma,Yerden Isitma,Kapalı,197.0,183.0,5.0,0.0,0.0,0.0,0.0,3.0,5.0,3.0,0.0,0.0,0.0,1.0,0.0,ilan_1284143412,1,1,1,1,1,1,0,0,0,0,0,1,1,0,0,1,0,0,0,0,1,1,1,0,1,1,0,0,0,0,0,0,1,0,0,0,1,0,0,0,0,1,1,0,1,1,1,0,1,0,0,0,0,0,1,0,0,0,0,0,0,0,0,1,0,1,0,0,0,0,0,0,0,0,1,0,1,0,1,0,0,1,0,0,0,0,0,0,0,0,0,1,0,0,0,1,1,0,0,0,1,0,1,0,0,0,0,1,0,0,0,0,0,0,0,0,0,0,0,0,0,0,0,0,1,0,1,0,1,1,0,0,0,0,0,0,0,0,1,0,0,0,0,0,0,0,0,0,0,0,0,0
1132228912,Çanakkale,Gökçeada,Zeytinli Köyü,Satılık,8300000.0,31 ve üzeri,Bilinmiyor,Şömine,Somine,Kapalı,129.0,120.0,5.0,30.0,1.0,0.0,0.0,0.0,2.0,1.0,0.0,1.0,0.0,0.0,0.0,ilan_1132228912,1,0,0,0,0,0,0,0,0,0,0,0,0,0,0,0,0,0,0,0,0,0,0,0,0,0,0,0,0,0,0,0,0,0,0,0,0,0,0,0,0,0,0,0,0,0,0,0,0,0,1,1,0,0,0,0,0,0,0,0,0,0,0,0,0,0,0,0,0,0,0,0,0,0,0,0,0,0,0,0,0,0,0,0,0,0,0,0,0,0,0,0,0,1,0,0,0,0,0,0,0,0,0,0,0,0,0,0,0,0,0,0,0,0,0,0,0,0,0,0,0,0,0,1,1,0,0,0,0,1,0,0,0,0,1,0,0,0,0,0,0,0,0,0,0,0,1,0,0,0,0,0
1297718080,Çanakkale,Gökçeada,Yeni Mh.,Satılık,8500000.0,4,Bahçe Katı,Klima,Klima,Açık (Amerikan),110.0,100.0,3.0,4.0,4.0,0.0,4.0,3.0,3.0,1.0,1.0,1.0,0.0,1.0,1.0,ilan_1297718080,1,0,0,0,0,0,0,0,0,0,0,0,0,0,0,0,0,0,0,0,0,0,0,0,0,0,0,0,0,0,0,0,0,0,0,0,0,0,0,0,0,0,0,0,0,0,0,0,0,0,0,0,0,0,0,0,0,0,0,0,0,0,0,0,0,0,0,0,0,0,0,0,0,0,0,0,0,0,0,0,0,0,0,0,0,0,0,0,0,0,0,0,0,0,0,0,0,0,0,0,0,0,0,0,0,0,0,0,0,0,0,0,0,0,0,0,0,0,0,0,0,0,0,0,0,0,0,0,0,0,0,0,0,0,0,0,0,0,0,0,0,0,0,0,0,0,0,0,0,0,0,0
1183701100,Çanakkale,Gökçeada,Yenibademli Köyü,Satılık,15000000.0,16-20 arası,Bilinmiyor,Soba,Soba,Açık (Amerikan),9.0,100.0,4.0,16.0,2.0,0.0,0.0,0.0,1.0,1.0,1.0,1.0,0.0,0.0,0.0,ilan_1183701100,0,0,0,0,0,0,0,0,0,0,0,0,0,0,0,0,0,0,0,0,0,0,0,0,0,0,0,0,0,0,0,0,0,0,0,0,0,0,0,0,0,0,0,0,0,0,0,0,0,0,0,0,0,0,0,0,0,0,0,0,0,0,0,0,0,0,0,0,0,0,0,0,0,0,0,0,0,0,0,0,0,0,0,0,0,0,0,0,0,1,0,0,0,0,1,1,0,0,0,0,1,0,1,0,1,0,0,0,0,0,0,0,0,0,0,0,1,0,0,0,0,0,0,0,1,0,0,0,0,0,0,0,0,0,0,0,0,0,0,0,0,0,0,0,0,0,0,0,0,0,0,0
1191808770,Çanakkale,Gökçeada,Zeytinli Köyü,Satılık,9300000.0,31 ve üzeri,Bilinmiyor,Soba,Soba,Kapalı,95.0,90.0,5.0,30.0,1.0,0.0,0.0,0.0,1.0,1.0,0.0,1.0,0.0,0.0,1.0,ilan_1191808770,0,0,0,0,0,0,0,0,0,0,0,0,0,0,0,0,0,0,0,0,0,0,0,0,0,0,0,0,0,0,0,0,0,0,0,0,0,0,0,0,0,0,0,0,0,0,0,0,0,0,0,0,0,0,0,0,0,0,0,0,0,0,0,0,0,0,0,0,0,0,0,0,0,0,0,0,0,0,0,0,0,0,0,0,0,0,0,0,0,0,0,0,0,0,0,0,0,0,0,0,0,0,0,0,0,0,0,0,0,0,0,0,0,0,0,0,0,0,0,0,0,0,0,0,0,0,0,0,0,0,0,0,0,0,0,0,0,0,0,0,0,0,0,0,0,0,0,0,0,0,0,0
1294503527,Çanakkale,Gökçeada,Cumhuriyet Mah.,Satılık,7800000.0,21-25 arası,2,Klima,Klima,Kapalı,102.0,90.0,5.0,21.0,2.0,2.0,5.0,2.0,3.0,2.0,0.0,1.0,0.0,0.0,0.0,ilan_1294503527,0,0,0,0,0,0,0,0,0,0,0,0,0,0,0,0,0,0,0,0,0,0,0,0,0,0,0,0,0,0,0,0,0,0,0,0,0,0,0,0,0,0,0,0,0,0,0,0,0,0,0,0,0,0,0,0,0,0,0,0,0,0,0,0,0,0,0,0,0,0,0,0,0,0,0,0,0,0,0,0,0,0,0,0,0,0,0,0,0,0,0,0,0,0,0,0,0,0,0,0,0,0,0,0,0,0,0,0,0,0,0,0,0,0,0,0,0,0,0,0,0,0,0,0,0,0,0,0,0,0,0,0,0,0,0,0,0,0,0,0,0,0,0,0,0,0,0,0,0,0,0,0
1233033286,Çanakkale,Gökçeada,Bademli Köyü,Satılık,14750000.0,31 ve üzeri,Bilinmiyor,Şömine,Somine,Kapalı,145.0,130.0,6.0,30.0,1.0,0.0,0.0,0.0,2.0,1.0,0.0,1.0,0.0,0.0,0.0,ilan_1233033286,1,0,0,0,0,0,0,0,0,0,0,0,0,0,0,0,0,0,0,0,0,0,0,0,0,0,0,0,0,0,0,0,0,0,0,0,0,0,0,0,0,0,0,0,0,0,0,0,0,0,0,0,0,0,0,0,0,0,0,0,0,0,0,0,0,0,0,0,0,0,0,0,0,0,0,0,0,0,0,0,0,0,0,0,0,0,0,0,0,0,0,0,0,0,0,0,0,0,0,0,0,0,0,0,0,0,0,0,0,0,0,0,0,0,0,0,0,0,0,0,0,0,0,0,0,0,0,0,0,0,0,0,0,0,0,0,0,0,0,0,0,0,0,0,0,0,0,0,0,0,0,0
1296204837,Çanakkale,Gökçeada,Kuzulimanı Mh.,Satılık,13250000.0,0 (Oturuma Hazır),Bilinmiyor,Yerden Isıtma,Yerden Isitma,Açık (Amerikan),116.0,92.0,4.0,0.0,0.0,0.0,0.0,3.0,5.0,2.0,1.0,0.0,0.0,1.0,0.0,ilan_1296204837,0,0,0,0,0,1,0,0,0,0,0,1,0,0,0,0,0,0,0,0,0,0,0,0,0,0,0,0,0,0,0,0,0,0,0,0,0,0,0,0,0,0,0,0,0,0,0,0,0,0,0,0,0,0,0,0,0,0,0,0,0,0,0,1,0,0,0,0,0,0,0,1,0,0,0,0,0,0,0,0,0,0,0,0,0,0,0,0,0,0,0,0,0,0,0,1,0,0,0,0,0,0,1,1,1,0,0,0,0,0,0,0,0,0,0,0,0,0,0,0,0,0,0,0,1,0,0,0,1,1,0,0,0,0,0,0,0,0,1,0,0,0,0,0,0,0,0,0,0,0,0,0
977259155,Çanakkale,Gökçeada,Kuzulimanı Mh.,Satılık,22000000.0,20,Bilinmiyor,Şömine,Somine,Bilinmiyor,120.0,100.0,3.0,20.0,2.0,0.0,0.0,1.0,2.0,1.0,0.0,1.0,0.0,0.0,0.0,ilan_977259155,0,1,0,0,0,0,0,0,0,0,0,0,0,0,0,0,0,0,0,0,0,0,0,0,0,0,0,0,0,0,0,0,0,0,0,0,0,0,0,0,0,0,0,0,0,0,0,0,0,0,0,0,0,0,0,0,0,0,0,0,0,0,0,0,0,0,0,0,0,0,0,0,0,0,0,0,0,0,0,0,0,0,0,0,0,0,0,0,0,0,0,0,0,0,0,0,0,0,0,0,0,0,0,0,0,0,0,0,0,0,0,0,0,0,0,0,0,0,0,0,0,0,0,1,1,0,0,0,0,1,0,0,0,0,0,0,0,0,0,0,0,0,0,0,0,0,0,0,0,0,0,0
1286745486,Çanakkale,Gökçeada,Dereköy Köyü,Satılık,25900000.0,5,Bilinmiyor,Soba,Soba,Açık (Amerikan),240.0,160.0,4.0,5.0,4.0,0.0,0.0,2.0,1.0,3.0,1.0,0.0,0.0,1.0,1.0,ilan_1286745486,1,1,1,0,1,1,0,1,0,1,0,1,1,1,1,1,1,1,1,1,1,0,1,1,1,0,1,0,0,0,1,1,1,0,0,1,0,1,1,1,1,1,1,1,0,1,1,1,1,1,1,1,1,1,1,0,0,0,0,0,0,0,0,1,0,1,0,0,0,0,0,1,0,0,0,0,1,0,0,0,0,1,1,0,1,0,0,0,0,1,0,0,1,0,1,1,1,1,1,1,1,1,1,0,1,0,0,1,0,1,1,0,0,0,0,0,1,1,0,0,0,0,0,1,1,0,0,0,1,0,1,0,1,1,1,1,0,0,0,0,0,0,0,0,0,0,0,0,0,0,0,0
1268029669,Çanakkale,Gökçeada,Kaleköy Köyü,Satılık,12950000.0,26-30 arası,Bilinmiyor,Klima,Klima,Açık (Amerikan),232.0,120.0,4.0,30.0,1.0,0.0,0.0,0.0,3.0,1.0,1.0,1.0,0.0,0.0,0.0,ilan_1268029669,0,0,1,1,0,0,0,0,0,0,0,1,0,0,1,1,1,1,0,1,0,0,1,0,0,1,1,0,0,0,1,0,1,0,1,0,1,0,0,0,0,1,0,0,0,0,0,1,0,1,0,0,1,1,0,0,0,0,0,0,0,0,0,1,0,0,0,0,0,0,0,0,0,0,0,0,1,0,0,0,0,0,1,0,0,0,0,0,0,0,0,1,0,1,0,1,1,1,0,0,0,0,0,0,0,0,0,0,0,0,0,0,0,0,0,0,0,0,0,0,0,0,0,1,1,0,0,0,0,0,1,0,0,0,0,0,0,0,0,0,0,0,0,0,0,0,0,0,0,0,0,0
1140392597,Çanakkale,Gökçeada,Bademli Köyü,Satılık,19000000.0,31 ve üzeri,Bilinmiyor,Kat Kaloriferi,Kat Kaloriferi,Açık (Amerikan),204.0,195.0,5.0,30.0,1.0,0.0,0.0,2.0,4.0,4.0,1.0,0.0,0.0,0.0,1.0,ilan_1140392597,1,1,1,1,0,0,0,0,0,0,0,0,0,0,0,0,0,0,0,0,0,0,0,0,0,0,0,0,0,0,0,0,0,0,0,0,0,0,0,0,0,0,0,0,0,0,0,0,0,0,0,0,0,0,0,0,0,0,0,0,0,0,0,0,0,0,0,0,0,0,0,0,0,0,1,0,0,0,0,0,0,1,1,0,0,0,0,0,0,0,0,0,0,1,0,0,0,0,0,0,0,0,0,0,0,0,0,0,0,0,0,0,0,0,0,0,0,0,0,0,0,0,0,0,1,0,0,0,0,0,0,0,0,0,0,0,0,0,0,0,0,0,0,0,0,0,0,0,0,0,0,0
1245559379,Çanakkale,Gökçeada,Kuzulimanı Mh.,Satılık,13750000.0,31 ve üzeri,Bilinmiyor,Şömine,Somine,Açık (Amerikan),85.0,70.0,4.0,30.0,1.0,0.0,0.0,0.0,2.0,2.0,1.0,1.0,0.0,0.0,0.0,ilan_1245559379,1,1,1,1,0,0,0,0,0,0,0,0,0,0,0,0,0,0,0,0,0,0,0,0,0,0,0,0,0,0,0,0,0,0,0,0,0,0,0,0,0,0,0,0,0,0,0,0,0,0,0,0,0,0,0,0,0,0,0,0,0,0,0,0,0,0,0,0,0,0,0,0,0,0,0,0,0,0,0,0,0,0,0,0,0,0,0,0,0,0,0,0,0,0,0,0,0,0,0,0,0,0,0,0,0,0,0,0,0,0,0,0,0,0,0,0,0,0,0,0,0,0,0,1,1,0,0,0,1,0,1,0,0,0,0,0,0,0,0,0,0,0,0,0,0,0,0,0,0,0,0,0
1254913663,Çanakkale,Gökçeada,Çınarlı Mh.,Satılık,14900000.0,31 ve üzeri,Bilinmiyor,Soba,Soba,Kapalı,152.0,132.0,5.0,30.0,1.0,0.0,0.0,0.0,1.0,2.0,0.0,1.0,0.0,0.0,0.0,ilan_1254913663,1,1,1,1,0,1,0,0,0,1,0,0,0,0,0,0,0,0,0,0,0,0,0,0,0,0,0,0,1,0,0,0,0,0,0,1,0,0,0,0,0,0,0,0,0,0,0,0,0,0,1,1,0,0,0,0,0,0,0,0,0,0,0,1,0,0,0,0,0,0,0,0,0,0,0,0,0,0,0,0,1,1,1,0,0,1,1,0,0,1,0,0,0,1,0,1,1,1,1,1,1,0,1,0,1,0,0,1,1,1,0,1,1,0,0,0,1,0,1,0,0,0,0,0,1,0,0,0,1,1,1,0,0,0,0,0,0,0,0,0,0,0,0,0,0,0,0,0,0,0,0,0
1240445801,Çanakkale,Gökçeada,Fatih Mah.,Satılık,12950000.0,31 ve üzeri,Bilinmiyor,Yok,Yok,Açık (Amerikan),120.0,95.0,4.0,30.0,1.0,0.0,0.0,0.0,1.0,2.0,1.0,1.0,0.0,0.0,0.0,ilan_1240445801,1,1,1,1,0,0,0,0,0,0,0,0,0,0,0,0,0,0,0,0,0,0,0,0,0,0,0,0,0,0,0,0,0,0,0,0,0,0,0,0,0,0,0,0,0,0,0,0,0,0,0,0,0,0,0,0,0,0,0,0,0,0,0,0,0,0,0,0,0,0,0,0,0,0,0,0,0,0,0,0,0,1,1,1,0,1,0,0,0,1,0,1,0,1,1,1,0,0,1,0,1,1,1,0,0,0,0,0,0,0,0,0,0,0,0,0,1,0,0,0,0,0,0,0,0,0,0,0,1,0,1,0,0,0,0,0,0,0,0,0,0,0,0,0,0,0,0,0,0,0,0,0
1272939998,Çanakkale,Gökçeada,Tepeköy Köyü,Satılık,98000000.0,4,Bilinmiyor,Merkezi,Merkezi,Açık (Amerikan),2.0,280.0,6.0,4.0,4.0,0.0,0.0,2.0,4.0,2.0,1.0,0.0,0.0,1.0,0.0,ilan_1272939998,1,1,1,1,0,1,0,1,0,0,0,0,1,1,0,0,1,0,0,1,0,1,1,0,0,0,0,0,1,0,0,0,0,1,0,1,0,1,0,0,0,0,0,0,0,1,1,1,0,1,0,1,1,1,0,0,0,0,0,0,0,0,1,1,1,1,1,0,0,1,0,1,0,0,1,0,1,0,1,0,0,0,0,0,0,0,0,0,0,0,0,0,0,0,0,0,0,0,0,0,0,0,0,0,0,0,0,0,1,0,0,0,0,0,0,0,0,0,0,0,0,0,0,0,1,1,1,0,1,0,0,0,0,0,0,0,0,0,1,1,1,0,0,1,0,0,0,0,0,0,0,1
1283966580,Çanakkale,Gökçeada,Çınarlı Mh.,Satılık,16000000.0,0 (Oturuma Hazır),Bilinmiyor,Yerden Isıtma,Yerden Isitma,Kapalı,197.0,183.0,5.0,0.0,0.0,0.0,0.0,3.0,5.0,3.0,0.0,0.0,0.0,1.0,0.0,ilan_1283966580,1,1,1,1,1,1,0,0,0,0,0,1,1,0,0,1,0,0,0,0,1,0,1,0,1,1,0,0,0,0,0,0,0,0,0,0,1,0,0,0,0,1,1,0,0,1,1,0,1,0,0,0,0,0,1,0,0,0,0,0,0,0,0,1,0,1,0,0,0,0,0,0,0,0,1,0,1,0,1,0,0,1,0,0,0,0,0,0,0,0,0,1,0,0,0,1,1,0,0,0,1,0,1,0,0,0,0,1,0,0,0,0,0,0,0,0,0,0,0,0,0,0,0,0,1,0,1,0,1,1,0,0,0,0,0,0,0,0,1,0,0,0,0,0,0,0,0,0,0,0,0,0
1302720495,Çanakkale,Gökçeada,Zeytinli Köyü,Satılık,12750000.0,2,Bilinmiyor,Klima,Klima,Açık (Amerikan),202.0,60.0,7.0,2.0,4.0,0.0,0.0,0.0,3.0,1.0,1.0,1.0,0.0,0.0,1.0,ilan_1302720495,0,0,0,0,0,0,0,0,0,0,0,0,0,0,0,0,0,0,0,0,0,0,0,0,0,0,0,0,0,0,0,0,0,0,0,0,0,0,0,0,0,0,0,0,0,0,0,0,0,0,0,0,0,0,0,0,0,0,0,0,0,0,0,0,0,0,0,0,0,0,0,0,0,0,0,0,0,0,0,0,0,0,0,0,0,0,0,0,0,0,0,0,0,0,0,0,0,0,0,0,0,0,0,0,0,0,0,0,0,0,0,0,0,0,0,0,0,0,0,0,0,0,0,0,0,0,0,0,0,0,0,0,0,0,0,0,0,0,0,0,0,0,0,0,0,0,0,0,0,0,0,0
1287398381,Çanakkale,Gökçeada,Zeytinli Köyü,Satılık,16900000.0,3,Müstakil,Klima,Klima,Kapalı,160.0,150.0,6.0,3.0,4.0,1.0,5.0,1.0,3.0,6.0,0.0,1.0,0.0,0.0,1.0,ilan_1287398381,0,1,0,0,0,0,0,0,0,1,0,0,0,0,1,0,0,0,0,0,0,0,0,0,0,0,0,0,0,0,0,0,0,0,0,0,0,0,0,0,0,0,0,0,0,0,0,0,0,0,0,0,0,0,0,0,0,0,0,0,0,0,0,0,0,0,0,0,0,0,0,0,0,0,0,0,0,0,0,0,0,0,0,0,0,0,0,0,0,0,0,0,0,0,0,0,0,0,0,0,0,0,0,0,0,0,0,0,0,0,0,0,0,0,0,0,0,0,0,0,0,0,0,0,0,0,0,0,0,0,0,0,0,0,0,0,0,0,0,0,0,0,0,0,0,0,0,0,0,0,0,0
1288926443,Çanakkale,Gökçeada,Çınarlı Mh.,Satılık,26000000.0,5,Bilinmiyor,Yok,Yok,Bilinmiyor,123.0,110.0,2.0,5.0,4.0,0.0,0.0,1.0,1.0,1.0,0.0,1.0,0.0,0.0,0.0,ilan_1288926443,1,1,0,0,0,0,0,0,0,0,0,0,0,0,0,0,0,0,0,0,0,0,0,0,0,0,0,0,0,0,0,0,0,0,0,0,0,0,0,0,0,0,0,0,0,0,0,0,0,0,0,0,0,0,0,0,0,0,0,0,0,0,0,0,0,0,0,0,0,0,0,0,0,0,0,0,0,0,0,0,0,0,0,0,0,0,0,0,0,0,0,0,0,0,0,0,0,0,0,0,0,0,0,0,0,0,0,0,0,0,0,0,0,0,0,0,0,0,0,0,0,0,0,0,0,0,0,0,0,0,0,0,0,0,0,0,0,0,0,0,0,0,0,0,0,0,0,0,0,0,0,0
1257643900,Çanakkale,Gökçeada,Uğurlu Köyü,Satılık,10000000.0,0 (Oturuma Hazır),2,Soba,Soba,Açık (Amerikan),185.0,170.0,7.0,0.0,0.0,2.0,5.0,3.0,1.0,3.0,1.0,1.0,0.0,1.0,0.0,ilan_1257643900,0,0,0,0,0,0,0,0,0,0,0,0,0,0,0,0,0,0,0,0,0,0,0,0,0,0,0,0,0,0,0,0,0,0,0,0,0,0,0,0,0,0,0,0,0,0,0,0,0,0,0,0,0,0,0,0,0,0,0,0,0,0,0,0,0,0,0,0,0,0,0,0,0,0,0,0,0,0,0,0,0,0,0,0,0,0,0,0,0,0,0,0,0,0,0,0,0,0,0,0,0,0,0,0,0,0,0,0,0,0,0,0,0,0,0,0,0,0,0,0,0,0,0,0,0,0,0,0,0,0,0,0,0,0,0,0,0,0,0,0,0,0,0,0,0,0,0,0,0,0,0,0
1263080046,Çanakkale,Gökçeada,Yeni Mh.,Satılık,11000000.0,0 (Oturuma Hazır),Müstakil,Yerden Isıtma,Yerden Isitma,Açık (Amerikan),125.0,85.0,4.0,0.0,0.0,1.0,5.0,3.0,5.0,2.0,1.0,1.0,0.0,1.0,0.0,ilan_1263080046,1,0,0,1,0,0,0,0,0,0,0,0,0,0,0,0,0,0,0,0,0,0,0,0,0,0,0,0,0,0,0,0,0,0,0,0,0,0,0,0,0,0,0,0,0,0,0,0,0,0,0,0,0,0,0,0,0,0,0,0,0,0,0,0,0,0,0,0,0,0,0,0,0,0,0,0,0,0,0,0,0,1,1,1,0,1,0,0,0,1,0,1,0,1,1,1,0,1,1,1,0,1,1,1,1,0,0,0,0,0,0,0,0,0,0,0,0,0,0,0,0,0,0,1,1,0,0,0,0,1,0,0,0,0,0,0,0,0,1,0,0,0,0,0,0,0,0,0,0,0,0,0
1295506109,Çanakkale,Gökçeada,Yeni Mh.,Satılık,7950000.0,0 (Oturuma Hazır),1,Yerden Isıtma,Yerden Isitma,Açık (Amerikan),160.0,120.0,4.0,0.0,0.0,1.0,5.0,4.0,5.0,2.0,1.0,1.0,0.0,1.0,0.0,ilan_1295506109,0,0,0,0,0,1,0,1,1,0,0,1,0,0,0,1,0,0,0,0,0,1,1,0,0,0,1,0,0,0,0,0,0,0,0,0,1,0,0,0,1,1,0,1,0,1,1,0,0,1,0,0,1,0,0,0,0,0,0,0,1,0,0,1,0,0,0,0,0,0,0,1,0,0,0,0,1,0,1,0,0,1,1,0,0,1,0,0,0,1,0,1,0,0,1,1,1,0,1,1,1,1,1,0,1,0,0,1,0,0,0,0,0,0,0,0,1,1,0,0,0,0,0,1,1,0,1,0,1,1,0,0,0,1,0,0,0,0,0,1,1,1,1,1,1,1,1,1,1,1,1,1
1296437830,Çanakkale,Gökçeada,Tepeköy Köyü,Satılık,9350000.0,31 ve üzeri,Bilinmiyor,Soba,Soba,Açık (Amerikan),133.0,110.0,3.0,30.0,1.0,0.0,0.0,0.0,1.0,2.0,1.0,1.0,0.0,0.0,1.0,ilan_1296437830,0,0,1,0,0,0,0,0,0,0,0,0,0,0,0,0,0,1,0,0,0,1,1,0,0,1,0,0,0,0,1,0,1,0,0,0,0,0,0,0,1,1,0,0,0,1,1,0,0,0,0,0,0,0,1,0,0,0,0,0,0,0,0,1,0,0,0,0,0,0,0,1,0,0,0,0,1,0,0,0,0,0,0,0,0,0,1,0,0,0,0,0,0,1,0,1,0,0,0,0,0,0,1,1,1,0,0,1,0,1,0,0,1,0,0,0,1,0,0,0,0,0,0,0,1,0,0,0,0,1,1,0,0,0,0,0,0,0,0,0,0,0,0,0,0,1,0,0,0,0,0,0
1231901646,Çanakkale,Gökçeada,Tepeköy Köyü,Satılık,9200000.0,31 ve üzeri,Bilinmiyor,Klima,Klima,Kapalı,145.0,102.0,4.0,30.0,1.0,0.0,0.0,0.0,3.0,1.0,0.0,1.0,0.0,0.0,0.0,ilan_1231901646,0,0,0,0,0,0,0,0,0,0,0,0,0,0,0,0,0,0,0,0,0,0,0,0,0,0,0,0,0,0,0,0,0,0,0,0,0,0,0,0,0,0,0,0,0,0,0,0,0,0,0,0,0,0,0,0,0,0,0,0,0,0,0,0,0,0,0,0,0,0,0,0,0,0,0,0,0,0,0,0,0,0,0,0,0,0,0,0,0,0,0,0,0,0,0,0,0,0,0,0,0,0,0,0,0,0,0,0,0,0,0,0,0,0,0,0,0,0,0,0,0,0,0,0,0,0,0,0,0,0,0,0,0,0,0,0,0,0,0,0,0,0,0,0,0,0,0,0,0,0,0,0
1297424935,Çanakkale,Gökçeada,Tepeköy Köyü,Satılık,10500000.0,31 ve üzeri,Bilinmiyor,Şömine,Somine,Kapalı,140.0,125.0,4.0,30.0,1.0,0.0,0.0,0.0,2.0,2.0,0.0,0.0,0.0,0.0,0.0,ilan_1297424935,0,1,1,0,0,1,0,0,0,0,0,0,0,0,1,0,0,1,0,1,1,0,0,0,0,0,0,0,0,0,0,0,0,0,0,0,0,0,0,0,1,0,0,0,0,0,0,0,1,0,0,1,0,0,0,0,0,0,0,0,0,0,0,1,0,0,0,0,0,0,0,1,0,0,0,0,1,0,0,0,0,0,0,0,0,0,1,0,0,1,0,1,1,1,1,1,1,1,1,1,1,1,1,1,1,0,0,0,0,0,0,0,0,0,0,0,1,1,1,0,0,0,0,0,1,0,0,0,1,0,0,0,0,0,0,0,0,0,0,0,0,0,0,0,0,0,0,0,0,0,0,0
1288099050,Çanakkale,Gökçeada,Eşelek Köyü,Satılık,9100000.0,16-20 arası,Bilinmiyor,Klima,Klima,Kapalı,190.0,180.0,4.0,16.0,2.0,0.0,0.0,2.0,3.0,2.0,0.0,0.0,0.0,1.0,1.0,ilan_1288099050,0,0,0,0,0,0,0,0,0,0,0,0,0,0,0,0,0,0,0,0,0,0,0,0,0,0,0,0,0,0,0,0,0,0,0,0,0,0,0,0,0,0,0,0,0,0,0,0,0,0,0,0,0,0,0,0,0,0,0,0,0,0,0,0,0,0,0,0,0,0,0,0,0,0,0,0,0,0,0,0,0,0,0,0,0,0,0,0,0,0,0,0,0,0,0,0,0,0,0,0,0,0,0,0,0,0,0,0,0,0,0,0,0,0,0,0,0,0,0,0,0,0,0,0,0,0,0,0,0,0,0,0,0,0,0,0,0,0,0,0,0,0,0,0,0,0,0,0,0,0,0,0
1170197875,Çanakkale,Gökçeada,Bademli Köyü,Satılık,8500000.0,31 ve üzeri,Bilinmiyor,Yok,Yok,Açık (Amerikan),1.0,35.0,2.0,30.0,1.0,0.0,0.0,0.0,1.0,0.0,1.0,0.0,0.0,0.0,0.0,ilan_1170197875,0,0,0,0,0,0,0,0,0,0,0,0,0,0,0,0,0,0,0,0,0,0,0,0,0,0,0,0,0,0,0,0,0,0,0,0,0,0,0,0,0,0,0,0,0,0,0,0,0,0,0,0,0,0,0,0,0,0,0,0,0,0,0,0,0,0,0,0,0,0,0,0,0,0,0,0,0,0,0,0,0,0,0,0,0,0,0,0,0,0,0,0,0,0,0,0,0,0,0,0,0,0,0,0,0,0,0,0,0,0,0,0,0,0,0,0,0,0,0,0,0,0,0,0,1,0,0,0,0,0,0,0,0,0,0,0,0,0,0,0,0,0,0,0,0,0,0,0,0,0,0,0
1122782294,Çanakkale,Gökçeada,Şirinköy Köyü,Satılık,7950000.0,21-25 arası,Bilinmiyor,Soba,Soba,Kapalı,125.0,120.0,4.0,21.0,2.0,0.0,0.0,0.0,1.0,1.0,0.0,1.0,0.0,0.0,0.0,ilan_1122782294,0,0,0,0,0,0,0,0,0,0,0,0,0,0,0,0,0,0,0,0,0,0,0,0,0,0,0,0,0,0,0,0,0,0,0,0,0,0,0,0,0,0,0,0,0,0,0,0,0,0,0,0,0,0,0,0,0,0,0,0,0,0,0,0,0,0,0,0,0,0,0,0,0,0,0,0,0,0,0,0,0,0,0,0,0,0,0,0,0,0,0,0,0,0,0,0,0,0,0,0,0,0,0,0,0,0,0,0,0,0,0,0,0,0,0,0,0,0,0,0,0,0,0,0,0,0,0,0,0,0,0,0,0,0,0,0,0,0,0,0,0,0,0,0,0,0,0,0,0,0,0,0
1116503859,Çanakkale,Gökçeada,Kaleköy Köyü,Satılık,9500000.0,21-25 arası,Müstakil,Isı Pompası,Isı Pompası,Kapalı,130.0,120.0,4.0,21.0,2.0,1.0,5.0,2.0,0.0,2.0,0.0,1.0,0.0,1.0,0.0,ilan_1116503859,0,0,0,0,0,1,0,0,0,0,0,0,0,0,1,1,1,0,0,1,0,0,0,0,0,0,0,1,0,0,0,0,1,0,0,0,0,0,0,0,1,0,0,0,1,0,1,0,0,0,1,0,0,0,1,0,0,0,1,0,0,0,0,0,0,0,0,0,0,0,0,1,0,0,0,0,0,0,0,0,0,0,0,0,0,0,0,0,0,0,0,0,0,0,0,0,0,0,0,0,0,0,0,0,0,0,0,0,0,0,0,0,0,0,0,0,0,0,0,0,0,0,0,0,0,0,0,0,0,0,0,0,0,0,1,0,0,0,0,0,0,1,1,0,1,0,1,1,0,1,1,0
1253896872,Çanakkale,Gökçeada,Fatih Mah.,Satılık,12550000.0,31 ve üzeri,Bilinmiyor,Soba,Soba,Kapalı,216.0,150.0,3.0,30.0,1.0,0.0,0.0,0.0,1.0,1.0,0.0,1.0,0.0,0.0,0.0,ilan_1253896872,0,0,0,0,0,0,0,0,0,0,0,0,0,0,0,0,0,0,0,0,0,0,0,0,0,0,0,0,0,0,0,0,0,0,0,0,0,0,0,0,0,0,0,0,0,0,0,0,0,0,0,0,0,0,0,0,0,0,0,0,0,0,0,0,0,0,0,0,0,0,0,0,0,0,0,0,0,0,0,0,0,0,0,0,0,0,0,0,0,0,0,0,0,0,0,0,0,0,0,0,0,0,0,0,0,0,0,0,0,0,0,0,0,0,0,0,0,0,0,0,0,0,0,0,0,0,0,0,0,0,0,0,0,0,0,0,0,0,0,0,0,0,0,0,0,0,0,0,0,0,0,0
1121802691,Çanakkale,Gökçeada,Dereköy Köyü,Satılık,10750000.0,31 ve üzeri,Bilinmiyor,Soba,Soba,Kapalı,260.0,240.0,9.0,30.0,1.0,0.0,0.0,0.0,1.0,3.0,0.0,1.0,0.0,0.0,0.0,ilan_1121802691,0,0,0,0,0,0,0,0,0,0,0,0,0,0,0,0,0,0,0,0,0,0,0,0,0,0,0,0,0,0,0,0,0,0,0,0,0,0,0,0,0,0,0,0,0,0,0,0,0,0,0,0,0,0,0,0,0,0,0,0,0,0,0,0,0,0,0,0,0,0,0,0,0,0,0,0,0,0,0,0,0,0,0,0,0,0,0,0,0,0,0,0,0,0,0,0,0,0,0,0,0,0,0,0,0,0,0,0,0,0,0,0,0,0,0,0,0,0,0,0,0,0,0,0,0,0,0,0,0,0,0,0,0,0,0,0,0,0,0,0,0,0,0,0,0,0,0,0,0,0,0,0
1264766959,Çanakkale,Gökçeada,Kuzulimanı Mh.,Satılık,11800000.0,26-30 arası,Bilinmiyor,Klima,Klima,Açık (Amerikan),170.0,140.0,6.0,30.0,1.0,0.0,0.0,2.0,3.0,3.0,1.0,0.0,0.0,1.0,1.0,ilan_1264766959,1,0,1,0,0,0,0,0,0,0,0,0,0,0,0,0,0,0,0,0,0,0,1,0,0,0,0,0,0,0,0,0,0,0,0,0,1,0,0,0,0,0,0,0,0,0,0,0,0,0,0,0,1,0,0,0,0,0,0,0,0,0,0,1,0,0,0,0,0,0,0,0,0,0,0,0,0,0,0,0,1,1,1,1,1,1,0,0,0,1,0,1,1,1,1,1,0,1,1,0,0,0,1,1,0,0,0,0,1,1,0,1,1,0,0,0,1,0,1,0,0,0,0,1,1,0,0,0,0,0,1,0,0,0,1,1,0,0,0,0,0,0,0,0,0,0,0,0,0,0,0,0
1282665913,Çanakkale,Gökçeada,Çınarlı Mh.,Satılık,7700000.0,31 ve üzeri,Bilinmiyor,Soba,Soba,Kapalı,50.0,45.0,3.0,30.0,1.0,0.0,0.0,0.0,1.0,0.0,0.0,0.0,0.0,0.0,0.0,ilan_1282665913,0,0,1,1,0,0,0,0,0,0,0,0,0,0,0,0,0,0,0,0,0,0,0,0,0,0,0,0,0,0,0,0,0,0,0,0,0,0,0,0,0,0,0,0,0,0,0,0,0,0,0,0,0,0,0,0,0,0,0,0,0,0,0,0,0,0,0,0,0,0,0,0,0,0,0,0,0,0,0,0,0,0,0,0,0,0,0,0,0,0,0,0,0,0,0,0,0,0,0,0,0,0,0,0,0,0,0,0,0,0,0,0,0,0,0,0,0,0,0,0,0,0,0,0,0,0,0,0,0,0,0,0,0,0,0,0,0,0,0,0,0,0,0,0,0,0,0,0,0,0,0,0
1266300379,Çanakkale,Gökçeada,Şirinköy Köyü,Satılık,8500000.0,21-25 arası,Bilinmiyor,Klima,Klima,Açık (Amerikan),500.0,250.0,9.0,21.0,2.0,0.0,0.0,0.0,3.0,5.0,1.0,1.0,0.0,0.0,0.0,ilan_1266300379,1,1,1,1,1,1,0,0,1,0,0,1,0,0,1,1,0,1,0,1,0,1,1,0,1,1,1,0,0,0,0,0,1,0,0,0,1,0,0,1,1,0,1,0,0,0,1,1,1,1,1,0,0,1,0,0,0,0,0,0,0,0,0,0,0,0,0,0,0,0,0,0,0,0,0,0,0,0,0,0,0,0,0,0,0,0,0,0,0,0,0,0,0,0,0,0,0,0,0,0,0,0,0,0,0,0,0,0,0,0,0,0,0,0,0,0,0,0,0,0,0,0,0,0,0,0,0,0,0,0,0,0,0,0,0,0,0,0,0,0,0,0,0,0,0,0,0,0,0,0,0,0
1081020349,Çanakkale,Gökçeada,Tepeköy Köyü,Satılık,8600000.0,31 ve üzeri,Bilinmiyor,Yok,Yok,Kapalı,7.0,54.0,3.0,30.0,1.0,0.0,0.0,0.0,1.0,0.0,0.0,1.0,0.0,0.0,0.0,ilan_1081020349,0,0,0,0,0,0,0,0,0,0,0,0,0,0,0,0,0,0,0,0,0,0,0,0,0,0,0,0,0,0,0,0,0,0,0,0,0,0,0,0,0,0,0,0,0,0,0,0,0,0,0,1,0,0,0,0,0,0,0,0,0,0,0,0,0,0,0,0,0,0,0,0,0,0,0,0,0,0,0,0,0,0,0,0,0,0,0,0,0,0,0,0,0,0,0,0,0,0,0,0,0,0,0,0,0,0,0,0,0,0,0,0,0,0,0,0,0,0,0,0,0,0,0,0,1,1,0,0,0,0,0,0,0,0,0,0,0,0,0,0,0,0,0,0,0,0,0,0,0,0,0,0
1266508587,Çanakkale,Gökçeada,Çınarlı Mh.,Satılık,11000000.0,0 (Oturuma Hazır),Bilinmiyor,Yerden Isıtma,Yerden Isitma,Açık (Amerikan),150.0,85.0,3.0,0.0,0.0,0.0,0.0,2.0,5.0,2.0,1.0,0.0,0.0,1.0,1.0,ilan_1266508587,1,0,0,1,0,0,0,0,0,0,0,1,1,0,0,1,0,0,0,0,0,1,1,0,0,0,0,0,0,0,0,0,0,0,0,0,1,0,0,0,0,1,0,0,0,0,0,1,0,0,0,0,0,0,0,0,0,0,0,0,0,0,0,1,0,0,0,0,0,0,0,0,0,0,0,0,1,0,1,0,0,0,0,0,0,0,0,0,0,0,0,0,0,0,0,0,0,0,0,0,1,0,1,0,1,0,0,1,0,0,0,0,0,0,0,0,0,0,0,0,0,0,0,0,1,0,0,0,0,1,1,0,0,0,1,0,0,0,0,1,0,0,0,0,0,0,0,0,0,0,0,0
1165609049,Çanakkale,Gökçeada,Çınarlı Mh.,Satılık,12050000.0,4,Bahçe Katı,Kombi (Elektrik),Kombi Elektrik,Açık (Amerikan),170.0,140.0,4.0,4.0,4.0,0.0,4.0,2.0,3.0,2.0,1.0,1.0,0.0,1.0,0.0,ilan_1165609049,0,0,0,0,0,0,0,0,0,0,0,1,1,0,0,1,0,0,0,0,1,1,1,0,0,1,0,0,0,0,0,0,1,0,0,1,0,0,0,0,0,0,0,0,0,0,1,1,1,0,0,0,0,0,0,0,0,0,0,0,0,0,1,1,0,0,0,0,0,0,0,0,0,0,0,0,0,0,1,0,0,1,1,0,0,1,0,0,0,1,0,1,0,1,0,1,0,0,1,1,1,0,1,0,1,0,0,0,0,0,0,0,0,0,0,0,0,0,0,0,0,0,0,0,1,0,1,0,1,1,0,0,0,0,1,0,0,0,0,0,0,0,0,0,0,0,0,0,0,0,0,0
1179453109,Çanakkale,Gökçeada,Tepeköy Köyü,Satılık,9150000.0,31 ve üzeri,Bilinmiyor,Klima,Klima,Açık (Amerikan),150.0,126.0,4.0,30.0,1.0,0.0,0.0,0.0,3.0,1.0,1.0,1.0,0.0,0.0,1.0,ilan_1179453109,1,0,1,0,0,1,0,0,0,0,0,1,1,1,1,1,1,1,1,1,0,0,1,0,0,0,0,0,1,0,0,0,1,0,0,0,1,1,0,0,1,0,0,0,0,0,1,0,0,0,1,1,0,0,1,0,0,0,0,0,0,0,0,0,0,0,0,0,0,0,0,0,0,0,0,0,0,0,0,0,0,0,0,0,0,0,0,0,0,0,0,0,0,1,0,0,0,0,0,0,0,0,0,0,0,0,0,0,0,0,0,0,0,0,0,0,0,0,0,0,0,0,0,0,1,1,0,0,0,0,0,0,0,0,0,0,0,0,0,0,0,0,0,0,0,0,0,0,0,0,0,0
1271011172,Çanakkale,Gökçeada,Zeytinli Köyü,Satılık,10000000.0,5,Bilinmiyor,Soba,Soba,Açık (Amerikan),60.0,50.0,3.0,5.0,4.0,0.0,0.0,0.0,1.0,1.0,1.0,1.0,0.0,0.0,1.0,ilan_1271011172,1,1,1,0,0,1,0,0,0,1,0,0,1,0,0,0,0,1,0,1,0,0,0,0,0,0,0,0,0,0,0,0,0,0,0,0,0,0,0,0,1,0,0,0,0,0,0,0,0,0,0,1,1,1,0,0,0,0,0,0,0,0,0,0,0,0,0,0,0,0,0,0,0,0,0,0,0,0,0,0,0,0,0,0,0,0,0,0,0,0,0,0,0,0,0,0,0,0,0,0,0,0,0,0,0,0,0,0,0,0,0,0,0,0,0,0,0,0,0,0,0,0,0,1,1,0,0,0,1,1,1,0,0,0,0,0,0,0,0,0,0,0,0,0,0,0,0,0,0,0,0,0
1293332889,Çanakkale,Gökçeada,Şirinköy Köyü,Satılık,8530000.0,16-20 arası,Bilinmiyor,Klima,Klima,Kapalı,500.0,160.0,6.0,16.0,2.0,0.0,0.0,0.0,3.0,2.0,0.0,1.0,0.0,0.0,0.0,ilan_1293332889,0,0,0,0,0,0,0,0,0,0,0,0,0,0,0,0,0,0,0,0,0,0,0,0,0,0,0,0,0,0,0,0,0,0,0,0,0,0,0,0,0,0,0,0,0,0,0,0,0,0,0,0,0,0,0,0,0,0,0,0,1,0,0,0,0,0,0,0,0,0,0,0,0,0,0,0,0,0,0,0,0,0,1,0,0,0,0,0,0,0,0,0,0,0,0,0,0,0,0,0,0,0,0,0,1,0,0,0,1,1,0,0,1,0,0,0,1,1,1,0,0,0,0,0,1,0,0,0,1,0,0,0,0,0,0,0,0,0,0,0,0,0,0,0,0,0,0,0,0,0,0,0
1263074156,Çanakkale,Gökçeada,Yeni Mh.,Satılık,12000000.0,0 (Oturuma Hazır),Müstakil,Yerden Isıtma,Yerden Isitma,Açık (Amerikan),125.0,85.0,4.0,0.0,0.0,1.0,5.0,3.0,5.0,2.0,1.0,1.0,0.0,1.0,0.0,ilan_1263074156,1,0,0,1,0,0,0,0,0,0,0,0,0,0,0,0,0,0,0,0,0,0,0,0,0,0,0,0,0,0,0,0,0,0,0,0,0,0,0,0,0,0,0,0,0,0,0,0,0,0,0,0,0,0,0,0,0,0,0,0,0,0,0,0,0,0,0,0,0,0,0,0,0,0,0,0,0,0,0,0,0,1,1,1,0,1,0,0,0,1,0,1,1,1,1,1,0,0,1,1,1,0,1,1,1,0,0,0,0,0,0,0,0,0,0,0,0,0,0,0,0,0,0,1,1,0,0,0,0,1,0,0,0,0,0,0,0,0,1,0,0,0,0,0,0,0,0,0,0,0,0,0
1272154463,Çanakkale,Gökçeada,Kuzulimanı Mh.,Satılık,8500000.0,6-10 arası,Bahçe Katı,Yerden Isıtma,Yerden Isitma,Açık (Amerikan),165.0,150.0,6.0,8.0,3.0,0.0,4.0,2.0,5.0,2.0,1.0,1.0,0.0,1.0,1.0,ilan_1272154463,0,1,0,0,0,0,0,0,0,0,0,1,0,0,1,1,0,0,0,0,0,1,1,0,0,0,0,0,0,0,1,0,1,0,0,0,0,0,0,0,1,0,0,0,0,0,0,0,0,0,0,0,0,0,0,0,0,0,0,0,0,0,0,1,0,0,0,0,0,0,0,0,0,0,0,0,1,0,1,0,0,1,0,0,0,0,0,0,0,1,0,0,0,0,1,1,1,0,0,1,0,0,1,1,1,0,0,0,0,0,0,0,0,0,0,0,0,0,0,0,0,0,0,0,0,0,0,0,1,0,0,0,0,0,1,0,0,0,0,0,0,0,0,0,0,0,0,0,0,0,0,0
1261906047,Çanakkale,Gökçeada,Zeytinli Köyü,Satılık,10350000.0,26-30 arası,Bilinmiyor,Soba,Soba,Kapalı,70.0,69.0,4.0,30.0,1.0,0.0,0.0,0.0,1.0,1.0,0.0,0.0,0.0,0.0,0.0,ilan_1261906047,0,0,0,0,0,0,0,0,0,0,0,0,0,0,0,0,0,0,0,0,0,0,0,0,0,0,0,0,0,0,0,0,0,0,0,0,0,0,0,0,0,0,0,0,0,1,0,0,1,0,0,0,0,0,0,0,0,0,0,0,0,0,0,0,0,0,0,0,0,0,0,0,0,0,0,0,0,0,0,0,0,0,0,0,0,0,0,0,0,0,0,0,0,1,0,0,0,0,0,0,0,0,0,0,0,0,0,0,0,0,0,0,0,0,0,0,0,0,0,0,0,0,0,0,0,0,0,0,0,0,1,0,0,0,0,0,0,0,0,0,0,0,0,0,0,0,0,0,0,0,0,0
